case_id,range_km,bearing_deg,target_accel_x_mps2,apn_gain,seed,maneuver_onset_time_s,nearest_distance_m,entered_R_fuze,nearest_approach_time_s,estimator_first_valid_time_s,estimator_convergence_time_s,time_to_go_at_estimator_valid_s,time_to_go_at_estimator_convergence_s,apn_first_nonzero_time_s,time_to_go_at_first_apn_s,trace_sample_count,trace_dt_s,max_pn_acceleration_mps2,rms_pn_acceleration_mps2,pn_impulse_mps,max_apn_acceleration_mps2,rms_apn_acceleration_mps2,apn_impulse_mps,apn_to_pn_impulse_ratio,max_component_sum_error_mps2,resolved_runtime_mismatch,nearest_distance_delta_vs_apn0_m
p10_null_r7_bm60_am8_g0_s20260621,7.0,-60.0,-8.0,0.0,20260621,0.0,0.0014312851536868025,True,13.813150905848333,3.0166666666666666,3.1166666666666667,10.796484239181666,10.696484239181666,,,828,0.016666666666666607,427.98332148303706,176.25589249174809,1557.0609225901164,0.0,0.0,0.0,0.0,0.0,{},0.0
p10_null_r7_bm60_am8_g0_s20260622,7.0,-60.0,-8.0,0.0,20260622,0.0,0.0014312851536868025,True,13.813150905848333,3.0166666666666666,3.1166666666666667,10.796484239181666,10.696484239181666,,,828,0.016666666666666607,427.98332148303706,176.25589249174809,1557.0609225901164,0.0,0.0,0.0,0.0,0.0,{},0.0
p10_null_r7_bm60_am8_g0_s20260623,7.0,-60.0,-8.0,0.0,20260623,0.0,0.0014312851536868025,True,13.813150905848333,3.0166666666666666,3.1166666666666667,10.796484239181666,10.696484239181666,,,828,0.016666666666666607,427.98332148303706,176.25589249174809,1557.0609225901164,0.0,0.0,0.0,0.0,0.0,{},0.0
p10_null_r7_bm60_am8_g0p125_s20260621,7.0,-60.0,-8.0,0.125,20260621,0.0,0.0014130734061718769,True,13.815265649766458,3.0166666666666666,3.1166666666666667,10.79859898309979,10.69859898309979,3.0166666666666666,10.79859898309979,828,0.016666666666666607,427.98332148303706,176.23410278959165,1556.2384758180565,0.20822866440856483,0.07375256366388713,0.6927875091161222,0.0004451679610041447,2.8012392896472268e-14,{},-1.8211747514925575e-05
p10_null_r7_bm60_am8_g0p125_s20260622,7.0,-60.0,-8.0,0.125,20260622,0.0,0.0014130734061718769,True,13.815265649766458,3.0166666666666666,3.1166666666666667,10.79859898309979,10.69859898309979,3.0166666666666666,10.79859898309979,828,0.016666666666666607,427.98332148303706,176.23410278959165,1556.2384758180565,0.20822866440856483,0.07375256366388713,0.6927875091161222,0.0004451679610041447,2.8012392896472268e-14,{},-1.8211747514925575e-05
p10_null_r7_bm60_am8_g0p125_s20260623,7.0,-60.0,-8.0,0.125,20260623,0.0,0.0014130734061718769,True,13.815265649766458,3.0166666666666666,3.1166666666666667,10.79859898309979,10.69859898309979,3.0166666666666666,10.79859898309979,828,0.016666666666666607,427.98332148303706,176.23410278959165,1556.2384758180565,0.20822866440856483,0.07375256366388713,0.6927875091161222,0.0004451679610041447,2.8012392896472268e-14,{},-1.8211747514925575e-05
p10_null_r7_bm60_am8_g0p25_s20260621,7.0,-60.0,-8.0,0.25,20260621,0.0,0.0014068085431173047,True,13.817385002543165,3.0166666666666666,3.1166666666666667,10.8007183358765,10.700718335876498,3.0166666666666666,10.8007183358765,829,0.016666666666666607,427.98332148303706,176.10652325288302,1555.6169382856754,0.41645732881712966,0.14752589317044512,1.3890782989730202,0.0008929436706338615,3.675162082164527e-14,{},-2.4476610569497794e-05
p10_null_r7_bm60_am8_g0p25_s20260622,7.0,-60.0,-8.0,0.25,20260622,0.0,0.0014068085431173047,True,13.817385002543165,3.0166666666666666,3.1166666666666667,10.8007183358765,10.700718335876498,3.0166666666666666,10.8007183358765,829,0.016666666666666607,427.98332148303706,176.10652325288302,1555.6169382856754,0.41645732881712966,0.14752589317044512,1.3890782989730202,0.0008929436706338615,3.675162082164527e-14,{},-2.4476610569497794e-05
p10_null_r7_bm60_am8_g0p25_s20260623,7.0,-60.0,-8.0,0.25,20260623,0.0,0.0014068085431173047,True,13.817385002543165,3.0166666666666666,3.1166666666666667,10.8007183358765,10.700718335876498,3.0166666666666666,10.8007183358765,829,0.016666666666666607,427.98332148303706,176.10652325288302,1555.6169382856754,0.41645732881712966,0.14752589317044512,1.3890782989730202,0.0008929436706338615,3.675162082164527e-14,{},-2.4476610569497794e-05
p10_null_r7_bm60_am8_g0p5_s20260621,7.0,-60.0,-8.0,0.5,20260621,0.0,0.001441720760856285,True,13.821638398291539,3.0166666666666666,3.1166666666666667,10.804971731624871,10.704971731624871,3.0166666666666666,10.804971731624871,829,0.016666666666666607,427.98332148303706,176.0629873691717,1553.9506821108353,0.8329146576342593,0.29549407298468156,2.791595661929756,0.0017964506171700022,3.46412712557223e-14,{},1.0435607169482488e-05
p10_null_r7_bm60_am8_g0p5_s20260622,7.0,-60.0,-8.0,0.5,20260622,0.0,0.001441720760856285,True,13.821638398291539,3.0166666666666666,3.1166666666666667,10.804971731624871,10.704971731624871,3.0166666666666666,10.804971731624871,829,0.016666666666666607,427.98332148303706,176.0629873691717,1553.9506821108353,0.8329146576342593,0.29549407298468156,2.791595661929756,0.0017964506171700022,3.46412712557223e-14,{},1.0435607169482488e-05
p10_null_r7_bm60_am8_g0p5_s20260623,7.0,-60.0,-8.0,0.5,20260623,0.0,0.001441720760856285,True,13.821638398291539,3.0166666666666666,3.1166666666666667,10.804971731624871,10.704971731624871,3.0166666666666666,10.804971731624871,829,0.016666666666666607,427.98332148303706,176.0629873691717,1553.9506821108353,0.8329146576342593,0.29549407298468156,2.791595661929756,0.0017964506171700022,3.46412712557223e-14,{},1.0435607169482488e-05
p10_null_r7_bp60_ap8_g0_s20260621,7.0,60.0,8.0,0.0,20260621,0.0,0.0014028250120684987,True,13.813151268070923,3.0166666666666666,3.1166666666666667,10.796484601404256,10.696484601404256,,,828,0.016666666666666607,427.98332148303706,176.25589249174809,1557.0609225901164,0.0,0.0,0.0,0.0,0.0,{},0.0
p10_null_r7_bp60_ap8_g0_s20260622,7.0,60.0,8.0,0.0,20260622,0.0,0.0014028250120684987,True,13.813151268070923,3.0166666666666666,3.1166666666666667,10.796484601404256,10.696484601404256,,,828,0.016666666666666607,427.98332148303706,176.25589249174809,1557.0609225901164,0.0,0.0,0.0,0.0,0.0,{},0.0
p10_null_r7_bp60_ap8_g0_s20260623,7.0,60.0,8.0,0.0,20260623,0.0,0.0014028250120684987,True,13.813151268070923,3.0166666666666666,3.1166666666666667,10.796484601404256,10.696484601404256,,,828,0.016666666666666607,427.98332148303706,176.25589249174809,1557.0609225901164,0.0,0.0,0.0,0.0,0.0,{},0.0
p10_null_r7_bp60_ap8_g0p125_s20260621,7.0,60.0,8.0,0.125,20260621,0.0,0.0013889880080386516,True,13.81526601193046,3.0166666666666666,3.1166666666666667,10.798599345263792,10.698599345263792,3.0166666666666666,10.798599345263792,828,0.016666666666666607,427.98332148303706,176.23410278959165,1556.2384758180565,0.20822866440856483,0.07375256366388713,0.6927875091161222,0.0004451679610041447,2.8012392896472268e-14,{},-1.3837004029847036e-05
p10_null_r7_bp60_ap8_g0p125_s20260622,7.0,60.0,8.0,0.125,20260622,0.0,0.0013889880080386516,True,13.81526601193046,3.0166666666666666,3.1166666666666667,10.798599345263792,10.698599345263792,3.0166666666666666,10.798599345263792,828,0.016666666666666607,427.98332148303706,176.23410278959165,1556.2384758180565,0.20822866440856483,0.07375256366388713,0.6927875091161222,0.0004451679610041447,2.8012392896472268e-14,{},-1.3837004029847036e-05
p10_null_r7_bp60_ap8_g0p125_s20260623,7.0,60.0,8.0,0.125,20260623,0.0,0.0013889880080386516,True,13.81526601193046,3.0166666666666666,3.1166666666666667,10.798599345263792,10.698599345263792,3.0166666666666666,10.798599345263792,828,0.016666666666666607,427.98332148303706,176.23410278959165,1556.2384758180565,0.20822866440856483,0.07375256366388713,0.6927875091161222,0.0004451679610041447,2.8012392896472268e-14,{},-1.3837004029847036e-05
p10_null_r7_bp60_ap8_g0p25_s20260621,7.0,60.0,8.0,0.25,20260621,0.0,0.0013844336063386718,True,13.817385365215324,3.0166666666666666,3.1166666666666667,10.800718698548657,10.700718698548657,3.0166666666666666,10.800718698548657,829,0.016666666666666607,427.98332148303706,176.10652325288302,1555.6169382856754,0.41645732881712966,0.14752589317044512,1.3890782989730202,0.0008929436706338615,3.675162082164527e-14,{},-1.8391405729826886e-05
p10_null_r7_bp60_ap8_g0p25_s20260622,7.0,60.0,8.0,0.25,20260622,0.0,0.0013844336063386718,True,13.817385365215324,3.0166666666666666,3.1166666666666667,10.800718698548657,10.700718698548657,3.0166666666666666,10.800718698548657,829,0.016666666666666607,427.98332148303706,176.10652325288302,1555.6169382856754,0.41645732881712966,0.14752589317044512,1.3890782989730202,0.0008929436706338615,3.675162082164527e-14,{},-1.8391405729826886e-05
p10_null_r7_bp60_ap8_g0p25_s20260623,7.0,60.0,8.0,0.25,20260623,0.0,0.0013844336063386718,True,13.817385365215324,3.0166666666666666,3.1166666666666667,10.800718698548657,10.700718698548657,3.0166666666666666,10.800718698548657,829,0.016666666666666607,427.98332148303706,176.10652325288302,1555.6169382856754,0.41645732881712966,0.14752589317044512,1.3890782989730202,0.0008929436706338615,3.675162082164527e-14,{},-1.8391405729826886e-05
p10_null_r7_bp60_ap8_g0p5_s20260621,7.0,60.0,8.0,0.5,20260621,0.0,0.0014110017969398766,True,13.821638760837821,3.0166666666666666,3.1166666666666667,10.804972094171156,10.704972094171154,3.0166666666666666,10.804972094171156,829,0.016666666666666607,427.98332148303706,176.0629873691717,1553.9506821108353,0.8329146576342593,0.29549407298468156,2.791595661929756,0.0017964506171700022,3.46412712557223e-14,{},8.17678487137789e-06
p10_null_r7_bp60_ap8_g0p5_s20260622,7.0,60.0,8.0,0.5,20260622,0.0,0.0014110017969398766,True,13.821638760837821,3.0166666666666666,3.1166666666666667,10.804972094171156,10.704972094171154,3.0166666666666666,10.804972094171156,829,0.016666666666666607,427.98332148303706,176.0629873691717,1553.9506821108353,0.8329146576342593,0.29549407298468156,2.791595661929756,0.0017964506171700022,3.46412712557223e-14,{},8.17678487137789e-06
p10_null_r7_bp60_ap8_g0p5_s20260623,7.0,60.0,8.0,0.5,20260623,0.0,0.0014110017969398766,True,13.821638760837821,3.0166666666666666,3.1166666666666667,10.804972094171156,10.704972094171154,3.0166666666666666,10.804972094171156,829,0.016666666666666607,427.98332148303706,176.0629873691717,1553.9506821108353,0.8329146576342593,0.29549407298468156,2.791595661929756,0.0017964506171700022,3.46412712557223e-14,{},8.17678487137789e-06
p10_null_r7p5_bm60_am8_g0_s20260621,7.5,-60.0,-8.0,0.0,20260621,0.0,0.0014510302144641436,True,15.171700296510984,3.0166666666666666,3.1166666666666667,12.155033629844318,12.055033629844317,,,910,0.016666666666666607,406.4687819746815,160.85961807455487,1534.9304621687286,0.0,0.0,0.0,0.0,0.0,{},0.0
p10_null_r7p5_bm60_am8_g0_s20260622,7.5,-60.0,-8.0,0.0,20260622,0.0,0.0014510302144641436,True,15.171700296510984,3.0166666666666666,3.1166666666666667,12.155033629844318,12.055033629844317,,,910,0.016666666666666607,406.4687819746815,160.85961807455487,1534.9304621687286,0.0,0.0,0.0,0.0,0.0,{},0.0
p10_null_r7p5_bm60_am8_g0_s20260623,7.5,-60.0,-8.0,0.0,20260623,0.0,0.0014510302144641436,True,15.171700296510984,3.0166666666666666,3.1166666666666667,12.155033629844318,12.055033629844317,,,910,0.016666666666666607,406.4687819746815,160.85961807455487,1534.9304621687286,0.0,0.0,0.0,0.0,0.0,{},0.0
p10_null_r7p5_bm60_am8_g0p125_s20260621,7.5,-60.0,-8.0,0.125,20260621,0.0,0.0014608889585583634,True,15.174595894505597,3.0166666666666666,3.1166666666666667,12.157929227838931,12.05792922783893,3.0166666666666666,12.157929227838931,910,0.016666666666666607,406.4687819746815,160.83344036248184,1533.8835821401487,0.2228266309175254,0.08152106980749554,0.8704152482070098,0.00056745848142697,3.895523712706256e-14,{},9.858744094219793e-06
p10_null_r7p5_bm60_am8_g0p125_s20260622,7.5,-60.0,-8.0,0.125,20260622,0.0,0.0014608889585583634,True,15.174595894505597,3.0166666666666666,3.1166666666666667,12.157929227838931,12.05792922783893,3.0166666666666666,12.157929227838931,910,0.016666666666666607,406.4687819746815,160.83344036248184,1533.8835821401487,0.2228266309175254,0.08152106980749554,0.8704152482070098,0.00056745848142697,3.895523712706256e-14,{},9.858744094219793e-06
p10_null_r7p5_bm60_am8_g0p125_s20260623,7.5,-60.0,-8.0,0.125,20260623,0.0,0.0014608889585583634,True,15.174595894505597,3.0166666666666666,3.1166666666666667,12.157929227838931,12.05792922783893,3.0166666666666666,12.157929227838931,910,0.016666666666666607,406.4687819746815,160.83344036248184,1533.8835821401487,0.2228266309175254,0.08152106980749554,0.8704152482070098,0.00056745848142697,3.895523712706256e-14,{},9.858744094219793e-06
p10_null_r7p5_bm60_am8_g0p25_s20260621,7.5,-60.0,-8.0,0.25,20260621,0.0,0.0014554336428862682,True,15.17749704275358,3.0166666666666666,3.1166666666666667,12.160830376086913,12.060830376086912,3.0166666666666666,12.160830376086913,910,0.016666666666666607,406.4687819746815,160.80726781850052,1532.8306285908575,0.44565392765272793,0.16319398049528522,1.7456462044739478,0.0011388382851396526,3.845950411262268e-14,{},4.403428422124645e-06
p10_null_r7p5_bm60_am8_g0p25_s20260622,7.5,-60.0,-8.0,0.25,20260622,0.0,0.0014554336428862682,True,15.17749704275358,3.0166666666666666,3.1166666666666667,12.160830376086913,12.060830376086912,3.0166666666666666,12.160830376086913,910,0.016666666666666607,406.4687819746815,160.80726781850052,1532.8306285908575,0.44565392765272793,0.16319398049528522,1.7456462044739478,0.0011388382851396526,3.845950411262268e-14,{},4.403428422124645e-06
p10_null_r7p5_bm60_am8_g0p25_s20260623,7.5,-60.0,-8.0,0.25,20260623,0.0,0.0014554336428862682,True,15.17749704275358,3.0166666666666666,3.1166666666666667,12.160830376086913,12.060830376086912,3.0166666666666666,12.160830376086913,910,0.016666666666666607,406.4687819746815,160.80726781850052,1532.8306285908575,0.44565392765272793,0.16319398049528522,1.7456462044739478,0.0011388382851396526,3.845950411262268e-14,{},4.403428422124645e-06
p10_null_r7p5_bm60_am8_g0p5_s20260621,7.5,-60.0,-8.0,0.5,20260621,0.0,0.0014068042082013392,True,15.183316022915323,3.0166666666666666,3.1166666666666667,12.166649356248655,12.066649356248655,3.0166666666666666,12.166649356248655,910,0.016666666666666607,406.4687819746815,160.75493932813376,1530.7063827310005,0.8913105186334342,0.32700254923925776,3.5106530974351875,0.0022934856331961436,4.5333140103742344e-14,{},-4.422600626280437e-05
p10_null_r7p5_bm60_am8_g0p5_s20260622,7.5,-60.0,-8.0,0.5,20260622,0.0,0.0014068042082013392,True,15.183316022915323,3.0166666666666666,3.1166666666666667,12.166649356248655,12.066649356248655,3.0166666666666666,12.166649356248655,910,0.016666666666666607,406.4687819746815,160.75493932813376,1530.7063827310005,0.8913105186334342,0.32700254923925776,3.5106530974351875,0.0022934856331961436,4.5333140103742344e-14,{},-4.422600626280437e-05
p10_null_r7p5_bm60_am8_g0p5_s20260623,7.5,-60.0,-8.0,0.5,20260623,0.0,0.0014068042082013392,True,15.183316022915323,3.0166666666666666,3.1166666666666667,12.166649356248655,12.066649356248655,3.0166666666666666,12.166649356248655,910,0.016666666666666607,406.4687819746815,160.75493932813376,1530.7063827310005,0.8913105186334342,0.32700254923925776,3.5106530974351875,0.0022934856331961436,4.5333140103742344e-14,{},-4.422600626280437e-05
p10_null_r7p5_bp60_ap8_g0_s20260621,7.5,60.0,8.0,0.0,20260621,0.0,0.0014153553861499934,True,15.171700743015089,3.0166666666666666,3.1166666666666667,12.155034076348421,12.055034076348422,,,910,0.016666666666666607,406.4687819746815,160.85961807455487,1534.9304621687286,0.0,0.0,0.0,0.0,0.0,{},0.0
p10_null_r7p5_bp60_ap8_g0_s20260622,7.5,60.0,8.0,0.0,20260622,0.0,0.0014153553861499934,True,15.171700743015089,3.0166666666666666,3.1166666666666667,12.155034076348421,12.055034076348422,,,910,0.016666666666666607,406.4687819746815,160.85961807455487,1534.9304621687286,0.0,0.0,0.0,0.0,0.0,{},0.0
p10_null_r7p5_bp60_ap8_g0_s20260623,7.5,60.0,8.0,0.0,20260623,0.0,0.0014153553861499934,True,15.171700743015089,3.0166666666666666,3.1166666666666667,12.155034076348421,12.055034076348422,,,910,0.016666666666666607,406.4687819746815,160.85961807455487,1534.9304621687286,0.0,0.0,0.0,0.0,0.0,{},0.0
p10_null_r7p5_bp60_ap8_g0p125_s20260621,7.5,60.0,8.0,0.125,20260621,0.0,0.0014231739643974675,True,15.174596340908312,3.0166666666666666,3.1166666666666667,12.157929674241647,12.057929674241645,3.0166666666666666,12.157929674241647,910,0.016666666666666607,406.4687819746815,160.83344036248184,1533.8835821401487,0.2228266309175254,0.08152106980749554,0.8704152482070098,0.00056745848142697,3.895523712706256e-14,{},7.81857824747414e-06
p10_null_r7p5_bp60_ap8_g0p125_s20260622,7.5,60.0,8.0,0.125,20260622,0.0,0.0014231739643974675,True,15.174596340908312,3.0166666666666666,3.1166666666666667,12.157929674241647,12.057929674241645,3.0166666666666666,12.157929674241647,910,0.016666666666666607,406.4687819746815,160.83344036248184,1533.8835821401487,0.2228266309175254,0.08152106980749554,0.8704152482070098,0.00056745848142697,3.895523712706256e-14,{},7.81857824747414e-06
p10_null_r7p5_bp60_ap8_g0p125_s20260623,7.5,60.0,8.0,0.125,20260623,0.0,0.0014231739643974675,True,15.174596340908312,3.0166666666666666,3.1166666666666667,12.157929674241647,12.057929674241645,3.0166666666666666,12.157929674241647,910,0.016666666666666607,406.4687819746815,160.83344036248184,1533.8835821401487,0.2228266309175254,0.08152106980749554,0.8704152482070098,0.00056745848142697,3.895523712706256e-14,{},7.81857824747414e-06
p10_null_r7p5_bp60_ap8_g0p25_s20260621,7.5,60.0,8.0,0.25,20260621,0.0,0.0014187963697104788,True,15.17749748905244,3.0166666666666666,3.1166666666666667,12.160830822385773,12.060830822385773,3.0166666666666666,12.160830822385773,910,0.016666666666666607,406.4687819746815,160.80726781850052,1532.8306285908575,0.44565392765272793,0.16319398049528522,1.7456462044739478,0.0011388382851396526,3.845950411262268e-14,{},3.4409835604853976e-06
p10_null_r7p5_bp60_ap8_g0p25_s20260622,7.5,60.0,8.0,0.25,20260622,0.0,0.0014187963697104788,True,15.17749748905244,3.0166666666666666,3.1166666666666667,12.160830822385773,12.060830822385773,3.0166666666666666,12.160830822385773,910,0.016666666666666607,406.4687819746815,160.80726781850052,1532.8306285908575,0.44565392765272793,0.16319398049528522,1.7456462044739478,0.0011388382851396526,3.845950411262268e-14,{},3.4409835604853976e-06
p10_null_r7p5_bp60_ap8_g0p25_s20260623,7.5,60.0,8.0,0.25,20260623,0.0,0.0014187963697104788,True,15.17749748905244,3.0166666666666666,3.1166666666666667,12.160830822385773,12.060830822385773,3.0166666666666666,12.160830822385773,910,0.016666666666666607,406.4687819746815,160.80726781850052,1532.8306285908575,0.44565392765272793,0.16319398049528522,1.7456462044739478,0.0011388382851396526,3.845950411262268e-14,{},3.4409835604853976e-06
p10_null_r7p5_bp60_ap8_g0p5_s20260621,7.5,60.0,8.0,0.5,20260621,0.0,0.0013823690904965745,True,15.18331646899881,3.0166666666666666,3.1166666666666667,12.166649802332142,12.066649802332142,3.0166666666666666,12.166649802332142,910,0.016666666666666607,406.4687819746815,160.75493932813376,1530.7063827310005,0.8913105186334342,0.32700254923925776,3.5106530974351875,0.0022934856331961436,4.5333140103742344e-14,{},-3.298629565341889e-05
p10_null_r7p5_bp60_ap8_g0p5_s20260622,7.5,60.0,8.0,0.5,20260622,0.0,0.0013823690904965745,True,15.18331646899881,3.0166666666666666,3.1166666666666667,12.166649802332142,12.066649802332142,3.0166666666666666,12.166649802332142,910,0.016666666666666607,406.4687819746815,160.75493932813376,1530.7063827310005,0.8913105186334342,0.32700254923925776,3.5106530974351875,0.0022934856331961436,4.5333140103742344e-14,{},-3.298629565341889e-05
p10_null_r7p5_bp60_ap8_g0p5_s20260623,7.5,60.0,8.0,0.5,20260623,0.0,0.0013823690904965745,True,15.18331646899881,3.0166666666666666,3.1166666666666667,12.166649802332142,12.066649802332142,3.0166666666666666,12.166649802332142,910,0.016666666666666607,406.4687819746815,160.75493932813376,1530.7063827310005,0.8913105186334342,0.32700254923925776,3.5106530974351875,0.0022934856331961436,4.5333140103742344e-14,{},-3.298629565341889e-05
p10_null_r8_bm60_am8_g0_s20260621,8.0,-60.0,-8.0,0.0,20260621,0.0,0.001416671135583343,True,16.683622761449012,3.0166666666666666,3.1166666666666667,13.666956094782346,13.566956094782345,,,1001,0.016666666666666607,388.3053337178473,147.64031429986926,1522.3179315365692,0.0,0.0,0.0,0.0,0.0,{},0.0
p10_null_r8_bm60_am8_g0_s20260622,8.0,-60.0,-8.0,0.0,20260622,0.0,0.001416671135583343,True,16.683622761449012,3.0166666666666666,3.1166666666666667,13.666956094782346,13.566956094782345,,,1001,0.016666666666666607,388.3053337178473,147.64031429986926,1522.3179315365692,0.0,0.0,0.0,0.0,0.0,{},0.0
p10_null_r8_bm60_am8_g0_s20260623,8.0,-60.0,-8.0,0.0,20260623,0.0,0.001416671135583343,True,16.683622761449012,3.0166666666666666,3.1166666666666667,13.666956094782346,13.566956094782345,,,1001,0.016666666666666607,388.3053337178473,147.64031429986926,1522.3179315365692,0.0,0.0,0.0,0.0,0.0,{},0.0
p10_null_r8_bm60_am8_g0p125_s20260621,8.0,-60.0,-8.0,0.125,20260621,0.0,0.001454337260595151,True,16.687464004754855,3.0166666666666666,3.1166666666666667,13.670797338088189,13.570797338088187,3.0166666666666666,13.670797338088189,1001,0.016666666666666607,388.3053337178473,147.61071840695652,1521.072631400156,0.2349706890441804,0.08722618704484741,1.0353066001774038,0.0006806424484966232,3.956228234393646e-14,{},3.766612501180798e-05
p10_null_r8_bm60_am8_g0p125_s20260622,8.0,-60.0,-8.0,0.125,20260622,0.0,0.001454337260595151,True,16.687464004754855,3.0166666666666666,3.1166666666666667,13.670797338088189,13.570797338088187,3.0166666666666666,13.670797338088189,1001,0.016666666666666607,388.3053337178473,147.61071840695652,1521.072631400156,0.2349706890441804,0.08722618704484741,1.0353066001774038,0.0006806424484966232,3.956228234393646e-14,{},3.766612501180798e-05
p10_null_r8_bm60_am8_g0p125_s20260623,8.0,-60.0,-8.0,0.125,20260623,0.0,0.001454337260595151,True,16.687464004754855,3.0166666666666666,3.1166666666666667,13.670797338088189,13.570797338088187,3.0166666666666666,13.670797338088189,1001,0.016666666666666607,388.3053337178473,147.61071840695652,1521.072631400156,0.2349706890441804,0.08722618704484741,1.0353066001774038,0.0006806424484966232,3.956228234393646e-14,{},3.766612501180798e-05
p10_null_r8_bm60_am8_g0p25_s20260621,8.0,-60.0,-8.0,0.25,20260621,0.0,0.001470747502524843,True,16.691313166423424,3.0166666666666666,3.1166666666666667,13.674646499756758,13.574646499756756,3.0166666666666666,13.674646499756758,1001,0.016666666666666607,388.3053337178473,147.58112715282567,1519.819028403785,0.46994350721176864,0.1746402734891736,2.077231777269575,0.00136676258057594,3.9668116802366786e-14,{},5.4076366941500096e-05
p10_null_r8_bm60_am8_g0p25_s20260622,8.0,-60.0,-8.0,0.25,20260622,0.0,0.001470747502524843,True,16.691313166423424,3.0166666666666666,3.1166666666666667,13.674646499756758,13.574646499756756,3.0166666666666666,13.674646499756758,1001,0.016666666666666607,388.3053337178473,147.58112715282567,1519.819028403785,0.46994350721176864,0.1746402734891736,2.077231777269575,0.00136676258057594,3.9668116802366786e-14,{},5.4076366941500096e-05
p10_null_r8_bm60_am8_g0p25_s20260623,8.0,-60.0,-8.0,0.25,20260623,0.0,0.001470747502524843,True,16.691313166423424,3.0166666666666666,3.1166666666666667,13.674646499756758,13.574646499756756,3.0166666666666666,13.674646499756758,1001,0.016666666666666607,388.3053337178473,147.58112715282567,1519.819028403785,0.46994350721176864,0.1746402734891736,2.077231777269575,0.00136676258057594,3.9668116802366786e-14,{},5.4076366941500096e-05
p10_null_r8_bm60_am8_g0p5_s20260621,8.0,-60.0,-8.0,0.5,20260621,0.0,0.0014246537082533246,True,16.699035293911376,3.0166666666666666,3.1166666666666667,13.68236862724471,13.582368627244708,3.0166666666666666,13.68236862724471,1001,0.016666666666666607,388.3053337178473,147.52195988426803,1517.286704483506,0.9398955311179475,0.350042341462783,4.181094811982731,0.002755639260284695,2.9865824795637685e-14,{},7.982572669981659e-06
p10_null_r8_bm60_am8_g0p5_s20260622,8.0,-60.0,-8.0,0.5,20260622,0.0,0.0014246537082533246,True,16.699035293911376,3.0166666666666666,3.1166666666666667,13.68236862724471,13.582368627244708,3.0166666666666666,13.68236862724471,1001,0.016666666666666607,388.3053337178473,147.52195988426803,1517.286704483506,0.9398955311179475,0.350042341462783,4.181094811982731,0.002755639260284695,2.9865824795637685e-14,{},7.982572669981659e-06
p10_null_r8_bm60_am8_g0p5_s20260623,8.0,-60.0,-8.0,0.5,20260623,0.0,0.0014246537082533246,True,16.699035293911376,3.0166666666666666,3.1166666666666667,13.68236862724471,13.582368627244708,3.0166666666666666,13.68236862724471,1001,0.016666666666666607,388.3053337178473,147.52195988426803,1517.286704483506,0.9398955311179475,0.350042341462783,4.181094811982731,0.002755639260284695,2.9865824795637685e-14,{},7.982572669981659e-06
p10_null_r8_bp60_ap8_g0_s20260621,8.0,60.0,8.0,0.0,20260621,0.0,0.0013869365067861919,True,16.683623333140247,3.0166666666666666,3.1166666666666667,13.666956666473581,13.56695666647358,,,1001,0.016666666666666607,388.3053337178473,147.64031429986926,1522.3179315365692,0.0,0.0,0.0,0.0,0.0,{},0.0
p10_null_r8_bp60_ap8_g0_s20260622,8.0,60.0,8.0,0.0,20260622,0.0,0.0013869365067861919,True,16.683623333140247,3.0166666666666666,3.1166666666666667,13.666956666473581,13.56695666647358,,,1001,0.016666666666666607,388.3053337178473,147.64031429986926,1522.3179315365692,0.0,0.0,0.0,0.0,0.0,{},0.0
p10_null_r8_bp60_ap8_g0_s20260623,8.0,60.0,8.0,0.0,20260623,0.0,0.0013869365067861919,True,16.683623333140247,3.0166666666666666,3.1166666666666667,13.666956666473581,13.56695666647358,,,1001,0.016666666666666607,388.3053337178473,147.64031429986926,1522.3179315365692,0.0,0.0,0.0,0.0,0.0,{},0.0
p10_null_r8_bp60_ap8_g0p125_s20260621,8.0,60.0,8.0,0.125,20260621,0.0,0.0014145202949789526,True,16.68746457627803,3.0166666666666666,3.1166666666666667,13.670797909611363,13.570797909611361,3.0166666666666666,13.670797909611363,1001,0.016666666666666607,388.3053337178473,147.61071840695652,1521.072631400156,0.2349706890441804,0.08722618704484741,1.0353066001774038,0.0006806424484966232,3.956228234393646e-14,{},2.7583788192760703e-05
p10_null_r8_bp60_ap8_g0p125_s20260622,8.0,60.0,8.0,0.125,20260622,0.0,0.0014145202949789526,True,16.68746457627803,3.0166666666666666,3.1166666666666667,13.670797909611363,13.570797909611361,3.0166666666666666,13.670797909611363,1001,0.016666666666666607,388.3053337178473,147.61071840695652,1521.072631400156,0.2349706890441804,0.08722618704484741,1.0353066001774038,0.0006806424484966232,3.956228234393646e-14,{},2.7583788192760703e-05
p10_null_r8_bp60_ap8_g0p125_s20260623,8.0,60.0,8.0,0.125,20260623,0.0,0.0014145202949789526,True,16.68746457627803,3.0166666666666666,3.1166666666666667,13.670797909611363,13.570797909611361,3.0166666666666666,13.670797909611363,1001,0.016666666666666607,388.3053337178473,147.61071840695652,1521.072631400156,0.2349706890441804,0.08722618704484741,1.0353066001774038,0.0006806424484966232,3.956228234393646e-14,{},2.7583788192760703e-05
p10_null_r8_bp60_ap8_g0p25_s20260621,8.0,60.0,8.0,0.25,20260621,0.0,0.0014273126242652328,True,16.691313737789823,3.0166666666666666,3.1166666666666667,13.674647071123157,13.574647071123156,3.0166666666666666,13.674647071123157,1001,0.016666666666666607,388.3053337178473,147.58112715282567,1519.819028403785,0.46994350721176864,0.1746402734891736,2.077231777269575,0.00136676258057594,3.9668116802366786e-14,{},4.037611747904099e-05
p10_null_r8_bp60_ap8_g0p25_s20260622,8.0,60.0,8.0,0.25,20260622,0.0,0.0014273126242652328,True,16.691313737789823,3.0166666666666666,3.1166666666666667,13.674647071123157,13.574647071123156,3.0166666666666666,13.674647071123157,1001,0.016666666666666607,388.3053337178473,147.58112715282567,1519.819028403785,0.46994350721176864,0.1746402734891736,2.077231777269575,0.00136676258057594,3.9668116802366786e-14,{},4.037611747904099e-05
p10_null_r8_bp60_ap8_g0p25_s20260623,8.0,60.0,8.0,0.25,20260623,0.0,0.0014273126242652328,True,16.691313737789823,3.0166666666666666,3.1166666666666667,13.674647071123157,13.574647071123156,3.0166666666666666,13.674647071123157,1001,0.016666666666666607,388.3053337178473,147.58112715282567,1519.819028403785,0.46994350721176864,0.1746402734891736,2.077231777269575,0.00136676258057594,3.9668116802366786e-14,{},4.037611747904099e-05
p10_null_r8_bp60_ap8_g0p5_s20260621,8.0,60.0,8.0,0.5,20260621,0.0,0.001392414238975993,True,16.699035864950304,3.0166666666666666,3.1166666666666667,13.682369198283638,13.582369198283637,3.0166666666666666,13.682369198283638,1001,0.016666666666666607,388.3053337178473,147.52195988426803,1517.286704483506,0.9398955311179475,0.350042341462783,4.181094811982731,0.002755639260284695,2.9865824795637685e-14,{},5.477732189801236e-06
p10_null_r8_bp60_ap8_g0p5_s20260622,8.0,60.0,8.0,0.5,20260622,0.0,0.001392414238975993,True,16.699035864950304,3.0166666666666666,3.1166666666666667,13.682369198283638,13.582369198283637,3.0166666666666666,13.682369198283638,1001,0.016666666666666607,388.3053337178473,147.52195988426803,1517.286704483506,0.9398955311179475,0.350042341462783,4.181094811982731,0.002755639260284695,2.9865824795637685e-14,{},5.477732189801236e-06
p10_null_r8_bp60_ap8_g0p5_s20260623,8.0,60.0,8.0,0.5,20260623,0.0,0.001392414238975993,True,16.699035864950304,3.0166666666666666,3.1166666666666667,13.682369198283638,13.582369198283637,3.0166666666666666,13.682369198283638,1001,0.016666666666666607,388.3053337178473,147.52195988426803,1517.286704483506,0.9398955311179475,0.350042341462783,4.181094811982731,0.002755639260284695,2.9865824795637685e-14,{},5.477732189801236e-06
p10_null_r8p5_bm60_am8_g0_s20260621,8.5,-60.0,-8.0,0.0,20260621,0.0,0.0014255128655639164,True,18.399538259817458,3.0166666666666666,3.1166666666666667,15.382871593150792,15.28287159315079,,,1103,0.016666666666666607,372.8940374945698,136.08358740448668,1517.2114397790806,0.0,0.0,0.0,0.0,0.0,{},0.0
p10_null_r8p5_bm60_am8_g0_s20260622,8.5,-60.0,-8.0,0.0,20260622,0.0,0.0014255128655639164,True,18.399538259817458,3.0166666666666666,3.1166666666666667,15.382871593150792,15.28287159315079,,,1103,0.016666666666666607,372.8940374945698,136.08358740448668,1517.2114397790806,0.0,0.0,0.0,0.0,0.0,{},0.0
p10_null_r8p5_bm60_am8_g0_s20260623,8.5,-60.0,-8.0,0.0,20260623,0.0,0.0014255128655639164,True,18.399538259817458,3.0166666666666666,3.1166666666666667,15.382871593150792,15.28287159315079,,,1103,0.016666666666666607,372.8940374945698,136.08358740448668,1517.2114397790806,0.0,0.0,0.0,0.0,0.0,{},0.0
p10_null_r8p5_bm60_am8_g0p125_s20260621,8.5,-60.0,-8.0,0.125,20260621,0.0,0.0014645091149375355,True,18.40458841740147,3.0166666666666666,3.1166666666666667,15.387921750734805,15.287921750734803,3.0166666666666666,15.387921750734805,1104,0.016666666666666607,372.8940374945698,135.99043060483413,1515.993488435392,0.24513054822292632,0.09107945424975396,1.1836489942168225,0.0007807744579684365,3.712835297714256e-14,{},3.89962493736191e-05
p10_null_r8p5_bm60_am8_g0p125_s20260622,8.5,-60.0,-8.0,0.125,20260622,0.0,0.0014645091149375355,True,18.40458841740147,3.0166666666666666,3.1166666666666667,15.387921750734805,15.287921750734803,3.0166666666666666,15.387921750734805,1104,0.016666666666666607,372.8940374945698,135.99043060483413,1515.993488435392,0.24513054822292632,0.09107945424975396,1.1836489942168225,0.0007807744579684365,3.712835297714256e-14,{},3.89962493736191e-05
p10_null_r8p5_bm60_am8_g0p125_s20260623,8.5,-60.0,-8.0,0.125,20260623,0.0,0.0014645091149375355,True,18.40458841740147,3.0166666666666666,3.1166666666666667,15.387921750734805,15.287921750734803,3.0166666666666666,15.387921750734805,1104,0.016666666666666607,372.8940374945698,135.99043060483413,1515.993488435392,0.24513054822292632,0.09107945424975396,1.1836489942168225,0.0007807744579684365,3.712835297714256e-14,{},3.89962493736191e-05
p10_null_r8p5_bm60_am8_g0p25_s20260621,8.5,-60.0,-8.0,0.25,20260621,0.0,0.0014760884336440748,True,18.409650185763315,3.0166666666666666,3.1166666666666667,15.39298351909665,15.292983519096648,3.0166666666666666,15.39298351909665,1104,0.016666666666666607,372.8940374945698,135.95847629287252,1514.5718645599231,0.4902639440527498,0.18237336592618308,2.3758985928551946,0.0015686932052877795,3.564498924740214e-14,{},5.0575568080158404e-05
p10_null_r8p5_bm60_am8_g0p25_s20260622,8.5,-60.0,-8.0,0.25,20260622,0.0,0.0014760884336440748,True,18.409650185763315,3.0166666666666666,3.1166666666666667,15.39298351909665,15.292983519096648,3.0166666666666666,15.39298351909665,1104,0.016666666666666607,372.8940374945698,135.95847629287252,1514.5718645599231,0.4902639440527498,0.18237336592618308,2.3758985928551946,0.0015686932052877795,3.564498924740214e-14,{},5.0575568080158404e-05
p10_null_r8p5_bm60_am8_g0p25_s20260623,8.5,-60.0,-8.0,0.25,20260623,0.0,0.0014760884336440748,True,18.409650185763315,3.0166666666666666,3.1166666666666667,15.39298351909665,15.292983519096648,3.0166666666666666,15.39298351909665,1104,0.016666666666666607,372.8940374945698,135.95847629287252,1514.5718645599231,0.4902639440527498,0.18237336592618308,2.3758985928551946,0.0015686932052877795,3.564498924740214e-14,{},5.0575568080158404e-05
p10_null_r8p5_bm60_am8_g0p5_s20260621,8.5,-60.0,-8.0,0.5,20260621,0.0,0.001454527961312571,True,18.419811628269688,3.0166666666666666,3.1166666666666667,15.403144961603022,15.30314496160302,3.0166666666666666,15.403144961603022,1105,0.016666666666666607,372.8940374945698,135.83352379416405,1511.8901026319093,0.9805392788764449,0.3654523828472556,4.78678495783867,0.0031660931899122825,2.90301561451006e-14,{},2.901509574865452e-05
p10_null_r8p5_bm60_am8_g0p5_s20260622,8.5,-60.0,-8.0,0.5,20260622,0.0,0.001454527961312571,True,18.419811628269688,3.0166666666666666,3.1166666666666667,15.403144961603022,15.30314496160302,3.0166666666666666,15.403144961603022,1105,0.016666666666666607,372.8940374945698,135.83352379416405,1511.8901026319093,0.9805392788764449,0.3654523828472556,4.78678495783867,0.0031660931899122825,2.90301561451006e-14,{},2.901509574865452e-05
p10_null_r8p5_bm60_am8_g0p5_s20260623,8.5,-60.0,-8.0,0.5,20260623,0.0,0.001454527961312571,True,18.419811628269688,3.0166666666666666,3.1166666666666667,15.403144961603022,15.30314496160302,3.0166666666666666,15.403144961603022,1105,0.016666666666666607,372.8940374945698,135.83352379416405,1511.8901026319093,0.9805392788764449,0.3654523828472556,4.78678495783867,0.0031660931899122825,2.90301561451006e-14,{},2.901509574865452e-05
p10_null_r8p5_bp60_ap8_g0_s20260621,8.5,60.0,8.0,0.0,20260621,0.0,0.0013906564028572596,True,18.39953902073846,3.0166666666666666,3.1166666666666667,15.382872354071793,15.282872354071792,,,1103,0.016666666666666607,372.8940374945698,136.08358740448668,1517.2114397790806,0.0,0.0,0.0,0.0,0.0,{},0.0
p10_null_r8p5_bp60_ap8_g0_s20260622,8.5,60.0,8.0,0.0,20260622,0.0,0.0013906564028572596,True,18.39953902073846,3.0166666666666666,3.1166666666666667,15.382872354071793,15.282872354071792,,,1103,0.016666666666666607,372.8940374945698,136.08358740448668,1517.2114397790806,0.0,0.0,0.0,0.0,0.0,{},0.0
p10_null_r8p5_bp60_ap8_g0_s20260623,8.5,60.0,8.0,0.0,20260623,0.0,0.0013906564028572596,True,18.39953902073846,3.0166666666666666,3.1166666666666667,15.382872354071793,15.282872354071792,,,1103,0.016666666666666607,372.8940374945698,136.08358740448668,1517.2114397790806,0.0,0.0,0.0,0.0,0.0,{},0.0
p10_null_r8p5_bp60_ap8_g0p125_s20260621,8.5,60.0,8.0,0.125,20260621,0.0,0.0014190379084362283,True,18.404589179560812,3.0166666666666666,3.1166666666666667,15.387922512894146,15.287922512894145,3.0166666666666666,15.387922512894146,1104,0.016666666666666607,372.8940374945698,135.99043060483413,1515.993488435392,0.24513054822292632,0.09107945424975396,1.1836489942168225,0.0007807744579684365,3.712835297714256e-14,{},2.838150557896873e-05
p10_null_r8p5_bp60_ap8_g0p125_s20260622,8.5,60.0,8.0,0.125,20260622,0.0,0.0014190379084362283,True,18.404589179560812,3.0166666666666666,3.1166666666666667,15.387922512894146,15.287922512894145,3.0166666666666666,15.387922512894146,1104,0.016666666666666607,372.8940374945698,135.99043060483413,1515.993488435392,0.24513054822292632,0.09107945424975396,1.1836489942168225,0.0007807744579684365,3.712835297714256e-14,{},2.838150557896873e-05
p10_null_r8p5_bp60_ap8_g0p125_s20260623,8.5,60.0,8.0,0.125,20260623,0.0,0.0014190379084362283,True,18.404589179560812,3.0166666666666666,3.1166666666666667,15.387922512894146,15.287922512894145,3.0166666666666666,15.387922512894146,1104,0.016666666666666607,372.8940374945698,135.99043060483413,1515.993488435392,0.24513054822292632,0.09107945424975396,1.1836489942168225,0.0007807744579684365,3.712835297714256e-14,{},2.838150557896873e-05
p10_null_r8p5_bp60_ap8_g0p25_s20260621,8.5,60.0,8.0,0.25,20260621,0.0,0.0014279328912182392,True,18.40965094764532,3.0166666666666666,3.1166666666666667,15.392984280978656,15.292984280978654,3.0166666666666666,15.392984280978656,1104,0.016666666666666607,372.8940374945698,135.95847629287252,1514.5718645599231,0.4902639440527498,0.18237336592618308,2.3758985928551946,0.0015686932052877795,3.564498924740214e-14,{},3.7276488360979626e-05
p10_null_r8p5_bp60_ap8_g0p25_s20260622,8.5,60.0,8.0,0.25,20260622,0.0,0.0014279328912182392,True,18.40965094764532,3.0166666666666666,3.1166666666666667,15.392984280978656,15.292984280978654,3.0166666666666666,15.392984280978656,1104,0.016666666666666607,372.8940374945698,135.95847629287252,1514.5718645599231,0.4902639440527498,0.18237336592618308,2.3758985928551946,0.0015686932052877795,3.564498924740214e-14,{},3.7276488360979626e-05
p10_null_r8p5_bp60_ap8_g0p25_s20260623,8.5,60.0,8.0,0.25,20260623,0.0,0.0014279328912182392,True,18.40965094764532,3.0166666666666666,3.1166666666666667,15.392984280978656,15.292984280978654,3.0166666666666666,15.392984280978656,1104,0.016666666666666607,372.8940374945698,135.95847629287252,1514.5718645599231,0.4902639440527498,0.18237336592618308,2.3758985928551946,0.0015686932052877795,3.564498924740214e-14,{},3.7276488360979626e-05
p10_null_r8p5_bp60_ap8_g0p5_s20260621,8.5,60.0,8.0,0.5,20260621,0.0,0.0014114053514205115,True,18.419812391083298,3.0166666666666666,3.1166666666666667,15.403145724416632,15.30314572441663,3.0166666666666666,15.403145724416632,1105,0.016666666666666607,372.8940374945698,135.83352379416405,1511.8901026319093,0.9805392788764449,0.3654523828472556,4.78678495783867,0.0031660931899122825,2.90301561451006e-14,{},2.0748948563251938e-05
p10_null_r8p5_bp60_ap8_g0p5_s20260622,8.5,60.0,8.0,0.5,20260622,0.0,0.0014114053514205115,True,18.419812391083298,3.0166666666666666,3.1166666666666667,15.403145724416632,15.30314572441663,3.0166666666666666,15.403145724416632,1105,0.016666666666666607,372.8940374945698,135.83352379416405,1511.8901026319093,0.9805392788764449,0.3654523828472556,4.78678495783867,0.0031660931899122825,2.90301561451006e-14,{},2.0748948563251938e-05
p10_null_r8p5_bp60_ap8_g0p5_s20260623,8.5,60.0,8.0,0.5,20260623,0.0,0.0014114053514205115,True,18.419812391083298,3.0166666666666666,3.1166666666666667,15.403145724416632,15.30314572441663,3.0166666666666666,15.403145724416632,1105,0.016666666666666607,372.8940374945698,135.83352379416405,1511.8901026319093,0.9805392788764449,0.3654523828472556,4.78678495783867,0.0031660931899122825,2.90301561451006e-14,{},2.0748948563251938e-05
p10_null_r9_bm60_am8_g0_s20260621,9.0,-60.0,-8.0,0.0,20260621,0.0,2.513348861522038,True,20.39189043576497,3.0166666666666666,3.1166666666666667,17.375223769098305,17.275223769098304,,,1223,0.016666666666666607,359.8888509120257,125.64135504235412,1511.4991625302284,0.0,0.0,0.0,0.0,0.0,{},0.0
p10_null_r9_bm60_am8_g0_s20260622,9.0,-60.0,-8.0,0.0,20260622,0.0,2.513348861522038,True,20.39189043576497,3.0166666666666666,3.1166666666666667,17.375223769098305,17.275223769098304,,,1223,0.016666666666666607,359.8888509120257,125.64135504235412,1511.4991625302284,0.0,0.0,0.0,0.0,0.0,{},0.0
p10_null_r9_bm60_am8_g0_s20260623,9.0,-60.0,-8.0,0.0,20260623,0.0,2.513348861522038,True,20.39189043576497,3.0166666666666666,3.1166666666666667,17.375223769098305,17.275223769098304,,,1223,0.016666666666666607,359.8888509120257,125.64135504235412,1511.4991625302284,0.0,0.0,0.0,0.0,0.0,{},0.0
p10_null_r9_bm60_am8_g0p125_s20260621,9.0,-60.0,-8.0,0.125,20260621,0.0,2.146403544339802,True,20.400170723541443,3.0166666666666666,3.1166666666666667,17.383504056874777,17.283504056874776,3.0166666666666666,17.383504056874777,1224,0.016666666666666607,359.8888509120257,125.55790358474096,1510.6458768757109,0.2534839221028424,0.0931511683086631,1.3132215824579898,0.0008693113340195717,7.792361912534314e-14,{},-0.3669453171822359
p10_null_r9_bm60_am8_g0p125_s20260622,9.0,-60.0,-8.0,0.125,20260622,0.0,2.146403544339802,True,20.400170723541443,3.0166666666666666,3.1166666666666667,17.383504056874777,17.283504056874776,3.0166666666666666,17.383504056874777,1224,0.016666666666666607,359.8888509120257,125.55790358474096,1510.6458768757109,0.2534839221028424,0.0931511683086631,1.3132215824579898,0.0008693113340195717,7.792361912534314e-14,{},-0.3669453171822359
p10_null_r9_bm60_am8_g0p125_s20260623,9.0,-60.0,-8.0,0.125,20260623,0.0,2.146403544339802,True,20.400170723541443,3.0166666666666666,3.1166666666666667,17.383504056874777,17.283504056874776,3.0166666666666666,17.383504056874777,1224,0.016666666666666607,359.8888509120257,125.55790358474096,1510.6458768757109,0.2534839221028424,0.0931511683086631,1.3132215824579898,0.0008693113340195717,7.792361912534314e-14,{},-0.3669453171822359
p10_null_r9_bm60_am8_g0p25_s20260621,9.0,-60.0,-8.0,0.25,20260621,0.0,1.8081328378578507,True,20.40836379590872,3.0166666666666666,3.1166666666666667,17.391697129242054,17.291697129242053,3.0166666666666666,17.391697129242054,1224,0.016666666666666607,359.8888509120257,125.52579861930542,1509.7820319695875,0.5069711112527274,0.18653337001772702,2.63642071050879,0.0017462260476563262,4.5004996144445165e-14,{},-0.7052160236641871
p10_null_r9_bm60_am8_g0p25_s20260622,9.0,-60.0,-8.0,0.25,20260622,0.0,1.8081328378578507,True,20.40836379590872,3.0166666666666666,3.1166666666666667,17.391697129242054,17.291697129242053,3.0166666666666666,17.391697129242054,1224,0.016666666666666607,359.8888509120257,125.52579861930542,1509.7820319695875,0.5069711112527274,0.18653337001772702,2.63642071050879,0.0017462260476563262,4.5004996144445165e-14,{},-0.7052160236641871
p10_null_r9_bm60_am8_g0p25_s20260623,9.0,-60.0,-8.0,0.25,20260623,0.0,1.8081328378578507,True,20.40836379590872,3.0166666666666666,3.1166666666666667,17.391697129242054,17.291697129242053,3.0166666666666666,17.391697129242054,1224,0.016666666666666607,359.8888509120257,125.52579861930542,1509.7820319695875,0.5069711112527274,0.18653337001772702,2.63642071050879,0.0017462260476563262,4.5004996144445165e-14,{},-0.7052160236641871
p10_null_r9_bm60_am8_g0p5_s20260621,9.0,-60.0,-8.0,0.5,20260621,0.0,1.2168272171056547,True,20.424447286171205,3.0166666666666666,3.1166666666666667,17.40778061950454,17.307780619504538,3.0166666666666666,17.40778061950454,1225,0.016666666666666607,359.8888509120257,125.41040730556642,1508.0223718462448,1.0139552912014322,0.3738530046814987,5.313476089899472,0.003523472986275581,3.753161440488423e-14,{},-1.2965216444163832
p10_null_r9_bm60_am8_g0p5_s20260622,9.0,-60.0,-8.0,0.5,20260622,0.0,1.2168272171056547,True,20.424447286171205,3.0166666666666666,3.1166666666666667,17.40778061950454,17.307780619504538,3.0166666666666666,17.40778061950454,1225,0.016666666666666607,359.8888509120257,125.41040730556642,1508.0223718462448,1.0139552912014322,0.3738530046814987,5.313476089899472,0.003523472986275581,3.753161440488423e-14,{},-1.2965216444163832
p10_null_r9_bm60_am8_g0p5_s20260623,9.0,-60.0,-8.0,0.5,20260623,0.0,1.2168272171056547,True,20.424447286171205,3.0166666666666666,3.1166666666666667,17.40778061950454,17.307780619504538,3.0166666666666666,17.40778061950454,1225,0.016666666666666607,359.8888509120257,125.41040730556642,1508.0223718462448,1.0139552912014322,0.3738530046814987,5.313476089899472,0.003523472986275581,3.753161440488423e-14,{},-1.2965216444163832
p10_null_r9_bp60_ap8_g0_s20260621,9.0,60.0,8.0,0.0,20260621,0.0,2.513501331130817,True,20.391891432109762,3.0166666666666666,3.1166666666666667,17.375224765443097,17.275224765443095,,,1223,0.016666666666666607,359.8888509120257,125.64135504235412,1511.4991625302284,0.0,0.0,0.0,0.0,0.0,{},0.0
p10_null_r9_bp60_ap8_g0_s20260622,9.0,60.0,8.0,0.0,20260622,0.0,2.513501331130817,True,20.391891432109762,3.0166666666666666,3.1166666666666667,17.375224765443097,17.275224765443095,,,1223,0.016666666666666607,359.8888509120257,125.64135504235412,1511.4991625302284,0.0,0.0,0.0,0.0,0.0,{},0.0
p10_null_r9_bp60_ap8_g0_s20260623,9.0,60.0,8.0,0.0,20260623,0.0,2.513501331130817,True,20.391891432109762,3.0166666666666666,3.1166666666666667,17.375224765443097,17.275224765443095,,,1223,0.016666666666666607,359.8888509120257,125.64135504235412,1511.4991625302284,0.0,0.0,0.0,0.0,0.0,{},0.0
p10_null_r9_bp60_ap8_g0p125_s20260621,9.0,60.0,8.0,0.125,20260621,0.0,2.146555715428802,True,20.400171725283048,3.0166666666666666,3.1166666666666667,17.383505058616382,17.28350505861638,3.0166666666666666,17.383505058616382,1224,0.016666666666666607,359.8888509120257,125.55790358474096,1510.6458768757109,0.2534839221028424,0.0931511683086631,1.3132215824579898,0.0008693113340195717,7.792361912534314e-14,{},-0.366945615702015
p10_null_r9_bp60_ap8_g0p125_s20260622,9.0,60.0,8.0,0.125,20260622,0.0,2.146555715428802,True,20.400171725283048,3.0166666666666666,3.1166666666666667,17.383505058616382,17.28350505861638,3.0166666666666666,17.383505058616382,1224,0.016666666666666607,359.8888509120257,125.55790358474096,1510.6458768757109,0.2534839221028424,0.0931511683086631,1.3132215824579898,0.0008693113340195717,7.792361912534314e-14,{},-0.366945615702015
p10_null_r9_bp60_ap8_g0p125_s20260623,9.0,60.0,8.0,0.125,20260623,0.0,2.146555715428802,True,20.400171725283048,3.0166666666666666,3.1166666666666667,17.383505058616382,17.28350505861638,3.0166666666666666,17.383505058616382,1224,0.016666666666666607,359.8888509120257,125.55790358474096,1510.6458768757109,0.2534839221028424,0.0931511683086631,1.3132215824579898,0.0008693113340195717,7.792361912534314e-14,{},-0.366945615702015
p10_null_r9_bp60_ap8_g0p25_s20260621,9.0,60.0,8.0,0.25,20260621,0.0,1.8082846322630353,True,20.408364802141744,3.0166666666666666,3.1166666666666667,17.391698135475078,17.291698135475077,3.0166666666666666,17.391698135475078,1224,0.016666666666666607,359.8888509120257,125.52579861930542,1509.7820319695875,0.5069711112527274,0.18653337001772702,2.63642071050879,0.0017462260476563262,4.5004996144445165e-14,{},-0.7052166988677819
p10_null_r9_bp60_ap8_g0p25_s20260622,9.0,60.0,8.0,0.25,20260622,0.0,1.8082846322630353,True,20.408364802141744,3.0166666666666666,3.1166666666666667,17.391698135475078,17.291698135475077,3.0166666666666666,17.391698135475078,1224,0.016666666666666607,359.8888509120257,125.52579861930542,1509.7820319695875,0.5069711112527274,0.18653337001772702,2.63642071050879,0.0017462260476563262,4.5004996144445165e-14,{},-0.7052166988677819
p10_null_r9_bp60_ap8_g0p25_s20260623,9.0,60.0,8.0,0.25,20260623,0.0,1.8082846322630353,True,20.408364802141744,3.0166666666666666,3.1166666666666667,17.391698135475078,17.291698135475077,3.0166666666666666,17.391698135475078,1224,0.016666666666666607,359.8888509120257,125.52579861930542,1509.7820319695875,0.5069711112527274,0.18653337001772702,2.63642071050879,0.0017462260476563262,4.5004996144445165e-14,{},-0.7052166988677819
p10_null_r9_bp60_ap8_g0p5_s20260621,9.0,60.0,8.0,0.5,20260621,0.0,1.2169783238137164,True,20.424448302373953,3.0166666666666666,3.1166666666666667,17.407781635707288,17.307781635707286,3.0166666666666666,17.407781635707288,1225,0.016666666666666607,359.8888509120257,125.41040730556642,1508.0223718462448,1.0139552912014322,0.3738530046814987,5.313476089899472,0.003523472986275581,3.753161440488423e-14,{},-1.2965230073171008
p10_null_r9_bp60_ap8_g0p5_s20260622,9.0,60.0,8.0,0.5,20260622,0.0,1.2169783238137164,True,20.424448302373953,3.0166666666666666,3.1166666666666667,17.407781635707288,17.307781635707286,3.0166666666666666,17.407781635707288,1225,0.016666666666666607,359.8888509120257,125.41040730556642,1508.0223718462448,1.0139552912014322,0.3738530046814987,5.313476089899472,0.003523472986275581,3.753161440488423e-14,{},-1.2965230073171008
p10_null_r9_bp60_ap8_g0p5_s20260623,9.0,60.0,8.0,0.5,20260623,0.0,1.2169783238137164,True,20.424448302373953,3.0166666666666666,3.1166666666666667,17.407781635707288,17.307781635707286,3.0166666666666666,17.407781635707288,1225,0.016666666666666607,359.8888509120257,125.41040730556642,1508.0223718462448,1.0139552912014322,0.3738530046814987,5.313476089899472,0.003523472986275581,3.753161440488423e-14,{},-1.2965230073171008
