after_nearest_distance_m,after_variant,before_nearest_distance_m,before_variant,case_group,effect_id,miss_distance_delta_m,offset_deg,range_km
0.4032820803221484,legacy_no_capture,9.46101350511436,legacy_full_track_quadratic,N30,remove_capture_from_current,-9.057731424792212,30.0,4.0
15.17895832106656,legacy_no_pn,9.46101350511436,legacy_full_track_quadratic,N30,remove_pn_from_current,5.717944815952199,30.0,4.0
9.46101350511436,legacy_full_track_quadratic,9.653494140368618,legacy_no_apn,N30,add_apn_to_current,-0.19248063525425785,30.0,4.0
49.415998524064136,legacy_no_lead,9.46101350511436,legacy_full_track_quadratic,N30,remove_lead_from_current,39.95498501894978,30.0,4.0
9.653494140368618,legacy_no_apn,10.81244637193122,legacy_track_velocity_no_apn,N30,add_acceleration_lead_legacy,-1.1589522315626013,30.0,4.0
8.309739789446692,history_full_track_quadratic,9.46101350511436,legacy_full_track_quadratic,N30,replace_legacy_pn_with_world_history_full,-1.151273715667669,30.0,4.0
8.453272960961826,history_track_quadratic_no_apn,9.653494140368618,legacy_no_apn,N30,replace_legacy_pn_with_world_history_no_apn,-1.2002211794067925,30.0,4.0
9.391942521623728,history_track_velocity_no_apn,10.81244637193122,legacy_track_velocity_no_apn,N30,replace_legacy_pn_with_world_history_velocity,-1.420503850307492,30.0,4.0
10.135068174496855,analytic_track_velocity_no_apn,9.391942521623728,history_track_velocity_no_apn,N30,replace_world_history_with_track_analytic_pn,0.7431256528731272,30.0,4.0
8.453272960961826,history_track_quadratic_no_apn,9.391942521623728,history_track_velocity_no_apn,N30,add_acceleration_lead_world_history,-0.9386695606619018,30.0,4.0
9.098343455215627,analytic_track_quadratic_no_apn,10.135068174496855,analytic_track_velocity_no_apn,N30,add_acceleration_lead_track_analytic,-1.036724719281228,30.0,4.0
9.933506985560594,legacy_truth_velocity_no_apn,10.81244637193122,legacy_track_velocity_no_apn,N30,replace_track_with_truth_cv_for_legacy_capture_lead,-0.8789393863706252,30.0,4.0
7.024353568521045,analytic_truth_velocity_no_apn,10.135068174496855,analytic_track_velocity_no_apn,N30,replace_track_with_truth_cv_for_analytic_chain,-3.1107146059758097,30.0,4.0
7.024353568521045,analytic_truth_quadratic_no_apn,7.024353568521045,analytic_truth_velocity_no_apn,N30,truth_cv_quadratic_invariant,0.0,30.0,4.0
7.024353568521045,analytic_truth_velocity_apn,7.024353568521045,analytic_truth_velocity_no_apn,N30,truth_cv_apn_invariant,0.0,30.0,4.0
0.4032820803221484,legacy_no_capture,0.4032820803221484,legacy_no_capture_no_lead,N30,lead_requires_capture_invariant,0.0,30.0,4.0
28.22425285720938,legacy_no_capture,22.4382466308134,legacy_full_track_quadratic,M45,remove_capture_from_current,5.78600622639598,45.0,4.0
28.54798836480616,legacy_no_pn,22.4382466308134,legacy_full_track_quadratic,M45,remove_pn_from_current,6.1097417339927595,45.0,4.0
22.4382466308134,legacy_full_track_quadratic,22.4506744050716,legacy_no_apn,M45,add_apn_to_current,-0.01242777425819952,45.0,4.0
100.36984335070778,legacy_no_lead,22.4382466308134,legacy_full_track_quadratic,M45,remove_lead_from_current,77.93159671989439,45.0,4.0
22.4506744050716,legacy_no_apn,24.022232366575167,legacy_track_velocity_no_apn,M45,add_acceleration_lead_legacy,-1.5715579615035686,45.0,4.0
16.736120691798508,history_full_track_quadratic,22.4382466308134,legacy_full_track_quadratic,M45,replace_legacy_pn_with_world_history_full,-5.702125939014891,45.0,4.0
16.843616892262812,history_track_quadratic_no_apn,22.4506744050716,legacy_no_apn,M45,replace_legacy_pn_with_world_history_no_apn,-5.607057512808787,45.0,4.0
18.097377536911956,history_track_velocity_no_apn,24.022232366575167,legacy_track_velocity_no_apn,M45,replace_legacy_pn_with_world_history_velocity,-5.924854829663211,45.0,4.0
18.760477473278918,analytic_track_velocity_no_apn,18.097377536911956,history_track_velocity_no_apn,M45,replace_world_history_with_track_analytic_pn,0.6630999363669616,45.0,4.0
16.843616892262812,history_track_quadratic_no_apn,18.097377536911956,history_track_velocity_no_apn,M45,add_acceleration_lead_world_history,-1.2537606446491445,45.0,4.0
17.56586425141634,analytic_track_quadratic_no_apn,18.760477473278918,analytic_track_velocity_no_apn,M45,add_acceleration_lead_track_analytic,-1.1946132218625785,45.0,4.0
23.29446891569258,legacy_truth_velocity_no_apn,24.022232366575167,legacy_track_velocity_no_apn,M45,replace_track_with_truth_cv_for_legacy_capture_lead,-0.7277634508825876,45.0,4.0
15.63923011142604,analytic_truth_velocity_no_apn,18.760477473278918,analytic_track_velocity_no_apn,M45,replace_track_with_truth_cv_for_analytic_chain,-3.1212473618528787,45.0,4.0
15.63923011142604,analytic_truth_quadratic_no_apn,15.63923011142604,analytic_truth_velocity_no_apn,M45,truth_cv_quadratic_invariant,0.0,45.0,4.0
15.63923011142604,analytic_truth_velocity_apn,15.63923011142604,analytic_truth_velocity_no_apn,M45,truth_cv_apn_invariant,0.0,45.0,4.0
28.22425285720938,legacy_no_capture,28.22425285720938,legacy_no_capture_no_lead,M45,lead_requires_capture_invariant,0.0,45.0,4.0
0.0032191216825466582,legacy_no_capture,10.266867992309365,legacy_full_track_quadratic,N30,remove_capture_from_current,-10.263648870626819,30.0,6.0
17.388639029235257,legacy_no_pn,10.266867992309365,legacy_full_track_quadratic,N30,remove_pn_from_current,7.121771036925892,30.0,6.0
10.266867992309365,legacy_full_track_quadratic,10.556771106568362,legacy_no_apn,N30,add_apn_to_current,-0.2899031142589976,30.0,6.0
54.050944826688244,legacy_no_lead,10.266867992309365,legacy_full_track_quadratic,N30,remove_lead_from_current,43.78407683437888,30.0,6.0
10.556771106568362,legacy_no_apn,11.2570912870138,legacy_track_velocity_no_apn,N30,add_acceleration_lead_legacy,-0.7003201804454378,30.0,6.0
8.845805451190662,history_full_track_quadratic,10.266867992309365,legacy_full_track_quadratic,N30,replace_legacy_pn_with_world_history_full,-1.4210625411187028,30.0,6.0
9.053174682440691,history_track_quadratic_no_apn,10.556771106568362,legacy_no_apn,N30,replace_legacy_pn_with_world_history_no_apn,-1.5035964241276716,30.0,6.0
9.619445294234096,history_track_velocity_no_apn,11.2570912870138,legacy_track_velocity_no_apn,N30,replace_legacy_pn_with_world_history_velocity,-1.6376459927797047,30.0,6.0
10.203764273403607,analytic_track_velocity_no_apn,9.619445294234096,history_track_velocity_no_apn,N30,replace_world_history_with_track_analytic_pn,0.5843189791695114,30.0,6.0
9.053174682440691,history_track_quadratic_no_apn,9.619445294234096,history_track_velocity_no_apn,N30,add_acceleration_lead_world_history,-0.5662706117934047,30.0,6.0
9.623218157283901,analytic_track_quadratic_no_apn,10.203764273403607,analytic_track_velocity_no_apn,N30,add_acceleration_lead_track_analytic,-0.5805461161197059,30.0,6.0
10.420182171750046,legacy_truth_velocity_no_apn,11.2570912870138,legacy_track_velocity_no_apn,N30,replace_track_with_truth_cv_for_legacy_capture_lead,-0.8369091152637544,30.0,6.0
7.1393308544024645,analytic_truth_velocity_no_apn,10.203764273403607,analytic_track_velocity_no_apn,N30,replace_track_with_truth_cv_for_analytic_chain,-3.0644334190011424,30.0,6.0
7.1393308544024645,analytic_truth_quadratic_no_apn,7.1393308544024645,analytic_truth_velocity_no_apn,N30,truth_cv_quadratic_invariant,0.0,30.0,6.0
7.1393308544024645,analytic_truth_velocity_apn,7.1393308544024645,analytic_truth_velocity_no_apn,N30,truth_cv_apn_invariant,0.0,30.0,6.0
0.0032191216825466582,legacy_no_capture,0.0032191216825466582,legacy_no_capture_no_lead,N30,lead_requires_capture_invariant,0.0,30.0,6.0
50.7856079761083,legacy_no_capture,22.10102141518329,legacy_full_track_quadratic,M45,remove_capture_from_current,28.684586560925013,45.0,6.0
31.68329319658899,legacy_no_pn,22.10102141518329,legacy_full_track_quadratic,M45,remove_pn_from_current,9.582271781405701,45.0,6.0
22.10102141518329,legacy_full_track_quadratic,22.42349495074992,legacy_no_apn,M45,add_apn_to_current,-0.3224735355666297,45.0,6.0
105.88012180848435,legacy_no_lead,22.10102141518329,legacy_full_track_quadratic,M45,remove_lead_from_current,83.77910039330106,45.0,6.0
22.42349495074992,legacy_no_apn,23.818083037961955,legacy_track_velocity_no_apn,M45,add_acceleration_lead_legacy,-1.3945880872120355,45.0,6.0
16.471668094150335,history_full_track_quadratic,22.10102141518329,legacy_full_track_quadratic,M45,replace_legacy_pn_with_world_history_full,-5.629353321032955,45.0,6.0
16.65666837287487,history_track_quadratic_no_apn,22.42349495074992,legacy_no_apn,M45,replace_legacy_pn_with_world_history_no_apn,-5.766826577875051,45.0,6.0
17.581154896911855,history_track_velocity_no_apn,23.818083037961955,legacy_track_velocity_no_apn,M45,replace_legacy_pn_with_world_history_velocity,-6.2369281410501,45.0,6.0
18.67755406077506,analytic_track_velocity_no_apn,17.581154896911855,history_track_velocity_no_apn,M45,replace_world_history_with_track_analytic_pn,1.0963991638632038,45.0,6.0
16.65666837287487,history_track_quadratic_no_apn,17.581154896911855,history_track_velocity_no_apn,M45,add_acceleration_lead_world_history,-0.9244865240369862,45.0,6.0
17.678492922466006,analytic_track_quadratic_no_apn,18.67755406077506,analytic_track_velocity_no_apn,M45,add_acceleration_lead_track_analytic,-0.9990611383090524,45.0,6.0
22.88241557218522,legacy_truth_velocity_no_apn,23.818083037961955,legacy_track_velocity_no_apn,M45,replace_track_with_truth_cv_for_legacy_capture_lead,-0.935667465776735,45.0,6.0
14.70760891312451,analytic_truth_velocity_no_apn,18.67755406077506,analytic_track_velocity_no_apn,M45,replace_track_with_truth_cv_for_analytic_chain,-3.9699451476505487,45.0,6.0
14.70760891312451,analytic_truth_quadratic_no_apn,14.70760891312451,analytic_truth_velocity_no_apn,M45,truth_cv_quadratic_invariant,0.0,45.0,6.0
14.70760891312451,analytic_truth_velocity_apn,14.70760891312451,analytic_truth_velocity_no_apn,M45,truth_cv_apn_invariant,0.0,45.0,6.0
50.7856079761083,legacy_no_capture,50.7856079761083,legacy_no_capture_no_lead,M45,lead_requires_capture_invariant,0.0,45.0,6.0
0.004311413272165297,legacy_no_capture,10.963462838095023,legacy_full_track_quadratic,N30,remove_capture_from_current,-10.959151424822858,30.0,8.0
20.716790337441054,legacy_no_pn,10.963462838095023,legacy_full_track_quadratic,N30,remove_pn_from_current,9.753327499346032,30.0,8.0
10.963462838095023,legacy_full_track_quadratic,11.257473106212718,legacy_no_apn,N30,add_apn_to_current,-0.29401026811769526,30.0,8.0
58.961925058196385,legacy_no_lead,10.963462838095023,legacy_full_track_quadratic,N30,remove_lead_from_current,47.99846222010136,30.0,8.0
11.257473106212718,legacy_no_apn,11.888331937820034,legacy_track_velocity_no_apn,N30,add_acceleration_lead_legacy,-0.6308588316073163,30.0,8.0
9.25705011395171,history_full_track_quadratic,10.963462838095023,legacy_full_track_quadratic,N30,replace_legacy_pn_with_world_history_full,-1.7064127241433127,30.0,8.0
9.469734072386116,history_track_quadratic_no_apn,11.257473106212718,legacy_no_apn,N30,replace_legacy_pn_with_world_history_no_apn,-1.7877390338266022,30.0,8.0
9.978413408664593,history_track_velocity_no_apn,11.888331937820034,legacy_track_velocity_no_apn,N30,replace_legacy_pn_with_world_history_velocity,-1.9099185291554406,30.0,8.0
10.571682305870123,analytic_track_velocity_no_apn,9.978413408664593,history_track_velocity_no_apn,N30,replace_world_history_with_track_analytic_pn,0.5932688972055296,30.0,8.0
9.469734072386116,history_track_quadratic_no_apn,9.978413408664593,history_track_velocity_no_apn,N30,add_acceleration_lead_world_history,-0.5086793362784778,30.0,8.0
10.037750449974185,analytic_track_quadratic_no_apn,10.571682305870123,analytic_track_velocity_no_apn,N30,add_acceleration_lead_track_analytic,-0.5339318558959381,30.0,8.0
11.013465778932925,legacy_truth_velocity_no_apn,11.888331937820034,legacy_track_velocity_no_apn,N30,replace_track_with_truth_cv_for_legacy_capture_lead,-0.8748661588871087,30.0,8.0
7.382443401595838,analytic_truth_velocity_no_apn,10.571682305870123,analytic_track_velocity_no_apn,N30,replace_track_with_truth_cv_for_analytic_chain,-3.1892389042742852,30.0,8.0
7.382443401595838,analytic_truth_quadratic_no_apn,7.382443401595838,analytic_truth_velocity_no_apn,N30,truth_cv_quadratic_invariant,0.0,30.0,8.0
7.382443401595838,analytic_truth_velocity_apn,7.382443401595838,analytic_truth_velocity_no_apn,N30,truth_cv_apn_invariant,0.0,30.0,8.0
0.004311413272165297,legacy_no_capture,0.004311413272165297,legacy_no_capture_no_lead,N30,lead_requires_capture_invariant,0.0,30.0,8.0
107.94269353805804,legacy_no_capture,24.448064199657466,legacy_full_track_quadratic,M45,remove_capture_from_current,83.49462933840057,45.0,8.0
57.09194133809194,legacy_no_pn,24.448064199657466,legacy_full_track_quadratic,M45,remove_pn_from_current,32.643877138434476,45.0,8.0
24.448064199657466,legacy_full_track_quadratic,25.97863789189384,legacy_no_apn,M45,add_apn_to_current,-1.5305736922363735,45.0,8.0
117.61464432706939,legacy_no_lead,24.448064199657466,legacy_full_track_quadratic,M45,remove_lead_from_current,93.16658012741192,45.0,8.0
25.97863789189384,legacy_no_apn,27.678077034301744,legacy_track_velocity_no_apn,M45,add_acceleration_lead_legacy,-1.699439142407904,45.0,8.0
17.03440841011986,history_full_track_quadratic,24.448064199657466,legacy_full_track_quadratic,M45,replace_legacy_pn_with_world_history_full,-7.413655789537607,45.0,8.0
16.970206973611965,history_track_quadratic_no_apn,25.97863789189384,legacy_no_apn,M45,replace_legacy_pn_with_world_history_no_apn,-9.008430918281874,45.0,8.0
17.897210305336067,history_track_velocity_no_apn,27.678077034301744,legacy_track_velocity_no_apn,M45,replace_legacy_pn_with_world_history_velocity,-9.780866728965677,45.0,8.0
19.25718343189598,analytic_track_velocity_no_apn,17.897210305336067,history_track_velocity_no_apn,M45,replace_world_history_with_track_analytic_pn,1.3599731265599146,45.0,8.0
16.970206973611965,history_track_quadratic_no_apn,17.897210305336067,history_track_velocity_no_apn,M45,add_acceleration_lead_world_history,-0.9270033317241015,45.0,8.0
18.104253756744313,analytic_track_quadratic_no_apn,19.25718343189598,analytic_track_velocity_no_apn,M45,add_acceleration_lead_track_analytic,-1.1529296751516682,45.0,8.0
24.884438260363936,legacy_truth_velocity_no_apn,27.678077034301744,legacy_track_velocity_no_apn,M45,replace_track_with_truth_cv_for_legacy_capture_lead,-2.7936387739378077,45.0,8.0
14.843025658179755,analytic_truth_velocity_no_apn,19.25718343189598,analytic_track_velocity_no_apn,M45,replace_track_with_truth_cv_for_analytic_chain,-4.4141577737162265,45.0,8.0
14.843025658179755,analytic_truth_quadratic_no_apn,14.843025658179755,analytic_truth_velocity_no_apn,M45,truth_cv_quadratic_invariant,0.0,45.0,8.0
14.843025658179755,analytic_truth_velocity_apn,14.843025658179755,analytic_truth_velocity_no_apn,M45,truth_cv_apn_invariant,0.0,45.0,8.0
107.94269353805804,legacy_no_capture,107.94269353805804,legacy_no_capture_no_lead,M45,lead_requires_capture_invariant,0.0,45.0,8.0
1828.7335785459147,legacy_no_capture,221.45977278897487,legacy_full_track_quadratic,stress60,remove_capture_from_current,1607.27380575694,60.0,8.0
883.9829624718034,legacy_no_pn,221.45977278897487,legacy_full_track_quadratic,stress60,remove_pn_from_current,662.5231896828285,60.0,8.0
221.45977278897487,legacy_full_track_quadratic,290.34286692510756,legacy_no_apn,stress60,add_apn_to_current,-68.88309413613268,60.0,8.0
435.2303894551035,legacy_no_lead,221.45977278897487,legacy_full_track_quadratic,stress60,remove_lead_from_current,213.7706166661286,60.0,8.0
290.34286692510756,legacy_no_apn,300.38784346565205,legacy_track_velocity_no_apn,stress60,add_acceleration_lead_legacy,-10.044976540544496,60.0,8.0
114.73050816079831,history_full_track_quadratic,221.45977278897487,legacy_full_track_quadratic,stress60,replace_legacy_pn_with_world_history_full,-106.72926462817657,60.0,8.0
154.8061182803229,history_track_quadratic_no_apn,290.34286692510756,legacy_no_apn,stress60,replace_legacy_pn_with_world_history_no_apn,-135.53674864478467,60.0,8.0
161.66665018613642,history_track_velocity_no_apn,300.38784346565205,legacy_track_velocity_no_apn,stress60,replace_legacy_pn_with_world_history_velocity,-138.72119327951563,60.0,8.0
241.46927713274295,analytic_track_velocity_no_apn,161.66665018613642,history_track_velocity_no_apn,stress60,replace_world_history_with_track_analytic_pn,79.80262694660652,60.0,8.0
154.8061182803229,history_track_quadratic_no_apn,161.66665018613642,history_track_velocity_no_apn,stress60,add_acceleration_lead_world_history,-6.860531905813531,60.0,8.0
233.6030496128867,analytic_track_quadratic_no_apn,241.46927713274295,analytic_track_velocity_no_apn,stress60,add_acceleration_lead_track_analytic,-7.866227519856238,60.0,8.0
100.78690015256626,legacy_truth_velocity_no_apn,300.38784346565205,legacy_track_velocity_no_apn,stress60,replace_track_with_truth_cv_for_legacy_capture_lead,-199.6009433130858,60.0,8.0
20.378136544693994,analytic_truth_velocity_no_apn,241.46927713274295,analytic_track_velocity_no_apn,stress60,replace_track_with_truth_cv_for_analytic_chain,-221.09114058804894,60.0,8.0
20.378136544693994,analytic_truth_quadratic_no_apn,20.378136544693994,analytic_truth_velocity_no_apn,stress60,truth_cv_quadratic_invariant,0.0,60.0,8.0
20.378136544693994,analytic_truth_velocity_apn,20.378136544693994,analytic_truth_velocity_no_apn,stress60,truth_cv_apn_invariant,0.0,60.0,8.0
1828.7335785459147,legacy_no_capture,1828.7335785459147,legacy_no_capture_no_lead,stress60,lead_requires_capture_invariant,0.0,60.0,8.0
2501.707111754845,legacy_no_capture,612.3603644743156,legacy_full_track_quadratic,O_near,remove_capture_from_current,1889.3467472805291,60.0,10.0
1681.3726210583245,legacy_no_pn,612.3603644743156,legacy_full_track_quadratic,O_near,remove_pn_from_current,1069.0122565840088,60.0,10.0
612.3603644743156,legacy_full_track_quadratic,714.3840073577862,legacy_no_apn,O_near,add_apn_to_current,-102.02364288347064,60.0,10.0
764.5363671826051,legacy_no_lead,612.3603644743156,legacy_full_track_quadratic,O_near,remove_lead_from_current,152.1760027082895,60.0,10.0
714.3840073577862,legacy_no_apn,726.8229802553631,legacy_track_velocity_no_apn,O_near,add_acceleration_lead_legacy,-12.438972897576832,60.0,10.0
318.36316174407546,history_full_track_quadratic,612.3603644743156,legacy_full_track_quadratic,O_near,replace_legacy_pn_with_world_history_full,-293.99720273024013,60.0,10.0
438.807145458454,history_track_quadratic_no_apn,714.3840073577862,legacy_no_apn,O_near,replace_legacy_pn_with_world_history_no_apn,-275.57686189933224,60.0,10.0
453.6821815750028,history_track_velocity_no_apn,726.8229802553631,legacy_track_velocity_no_apn,O_near,replace_legacy_pn_with_world_history_velocity,-273.14079868036026,60.0,10.0
585.9854882933685,analytic_track_velocity_no_apn,453.6821815750028,history_track_velocity_no_apn,O_near,replace_world_history_with_track_analytic_pn,132.30330671836566,60.0,10.0
438.807145458454,history_track_quadratic_no_apn,453.6821815750028,history_track_velocity_no_apn,O_near,add_acceleration_lead_world_history,-14.875036116548813,60.0,10.0
574.9876331640974,analytic_track_quadratic_no_apn,585.9854882933685,analytic_track_velocity_no_apn,O_near,add_acceleration_lead_track_analytic,-10.997855129271102,60.0,10.0
376.3724483475031,legacy_truth_velocity_no_apn,726.8229802553631,legacy_track_velocity_no_apn,O_near,replace_track_with_truth_cv_for_legacy_capture_lead,-350.45053190785995,60.0,10.0
82.38465890067548,analytic_truth_velocity_no_apn,585.9854882933685,analytic_track_velocity_no_apn,O_near,replace_track_with_truth_cv_for_analytic_chain,-503.60082939269296,60.0,10.0
82.38465890067548,analytic_truth_quadratic_no_apn,82.38465890067548,analytic_truth_velocity_no_apn,O_near,truth_cv_quadratic_invariant,0.0,60.0,10.0
82.38465890067548,analytic_truth_velocity_apn,82.38465890067548,analytic_truth_velocity_no_apn,O_near,truth_cv_apn_invariant,0.0,60.0,10.0
2501.707111754845,legacy_no_capture,2501.707111754845,legacy_no_capture_no_lead,O_near,lead_requires_capture_invariant,0.0,60.0,10.0
309.09280719459775,legacy_no_capture,48.46192257522604,legacy_full_track_quadratic,O_near,remove_capture_from_current,260.6308846193717,45.0,12.0
605.2967444084244,legacy_no_pn,48.46192257522604,legacy_full_track_quadratic,O_near,remove_pn_from_current,556.8348218331984,45.0,12.0
48.46192257522604,legacy_full_track_quadratic,55.99853986184682,legacy_no_apn,O_near,add_apn_to_current,-7.536617286620782,45.0,12.0
212.62988109401243,legacy_no_lead,48.46192257522604,legacy_full_track_quadratic,O_near,remove_lead_from_current,164.1679585187864,45.0,12.0
55.99853986184682,legacy_no_apn,59.36587885578642,legacy_track_velocity_no_apn,O_near,add_acceleration_lead_legacy,-3.3673389939395975,45.0,12.0
21.75195851617771,history_full_track_quadratic,48.46192257522604,legacy_full_track_quadratic,O_near,replace_legacy_pn_with_world_history_full,-26.709964059048332,45.0,12.0
23.665814307670466,history_track_quadratic_no_apn,55.99853986184682,legacy_no_apn,O_near,replace_legacy_pn_with_world_history_no_apn,-32.332725554176356,45.0,12.0
24.801857638098827,history_track_velocity_no_apn,59.36587885578642,legacy_track_velocity_no_apn,O_near,replace_legacy_pn_with_world_history_velocity,-34.564021217687596,45.0,12.0
27.819376639918445,analytic_track_velocity_no_apn,24.801857638098827,history_track_velocity_no_apn,O_near,replace_world_history_with_track_analytic_pn,3.0175190018196183,45.0,12.0
23.665814307670466,history_track_quadratic_no_apn,24.801857638098827,history_track_velocity_no_apn,O_near,add_acceleration_lead_world_history,-1.136043330428361,45.0,12.0
25.206999272046396,analytic_track_quadratic_no_apn,27.819376639918445,analytic_track_velocity_no_apn,O_near,add_acceleration_lead_track_analytic,-2.6123773678720497,45.0,12.0
32.632865756360786,legacy_truth_velocity_no_apn,59.36587885578642,legacy_track_velocity_no_apn,O_near,replace_track_with_truth_cv_for_legacy_capture_lead,-26.733013099425634,45.0,12.0
16.52844502467468,analytic_truth_velocity_no_apn,27.819376639918445,analytic_track_velocity_no_apn,O_near,replace_track_with_truth_cv_for_analytic_chain,-11.290931615243764,45.0,12.0
16.52844502467468,analytic_truth_quadratic_no_apn,16.52844502467468,analytic_truth_velocity_no_apn,O_near,truth_cv_quadratic_invariant,0.0,45.0,12.0
16.52844502467468,analytic_truth_velocity_apn,16.52844502467468,analytic_truth_velocity_no_apn,O_near,truth_cv_apn_invariant,0.0,45.0,12.0
309.09280719459775,legacy_no_capture,309.09280719459775,legacy_no_capture_no_lead,O_near,lead_requires_capture_invariant,0.0,45.0,12.0
0.023909580732032025,legacy_no_capture,17.010268543905575,legacy_full_track_quadratic,O_far,remove_capture_from_current,-16.986358963173544,30.0,16.0
61.67800400242443,legacy_no_pn,17.010268543905575,legacy_full_track_quadratic,O_far,remove_pn_from_current,44.667735458518855,30.0,16.0
17.010268543905575,legacy_full_track_quadratic,17.54218347125436,legacy_no_apn,O_far,add_apn_to_current,-0.5319149273487866,30.0,16.0
97.46037296330275,legacy_no_lead,17.010268543905575,legacy_full_track_quadratic,O_far,remove_lead_from_current,80.45010441939718,30.0,16.0
17.54218347125436,legacy_no_apn,18.096994613418474,legacy_track_velocity_no_apn,O_far,add_acceleration_lead_legacy,-0.5548111421641124,30.0,16.0
12.030386363637877,history_full_track_quadratic,17.010268543905575,legacy_full_track_quadratic,O_far,replace_legacy_pn_with_world_history_full,-4.979882180267698,30.0,16.0
12.251099290092835,history_track_quadratic_no_apn,17.54218347125436,legacy_no_apn,O_far,replace_legacy_pn_with_world_history_no_apn,-5.291084181161526,30.0,16.0
12.836885034981574,history_track_velocity_no_apn,18.096994613418474,legacy_track_velocity_no_apn,O_far,replace_legacy_pn_with_world_history_velocity,-5.2601095784369,30.0,16.0
13.882981973397907,analytic_track_velocity_no_apn,12.836885034981574,history_track_velocity_no_apn,O_far,replace_world_history_with_track_analytic_pn,1.0460969384163334,30.0,16.0
12.251099290092835,history_track_quadratic_no_apn,12.836885034981574,history_track_velocity_no_apn,O_far,add_acceleration_lead_world_history,-0.5857857448887387,30.0,16.0
13.109694581666545,analytic_track_quadratic_no_apn,13.882981973397907,analytic_track_velocity_no_apn,O_far,add_acceleration_lead_track_analytic,-0.7732873917313619,30.0,16.0
16.79275418267087,legacy_truth_velocity_no_apn,18.096994613418474,legacy_track_velocity_no_apn,O_far,replace_track_with_truth_cv_for_legacy_capture_lead,-1.3042404307476048,30.0,16.0
9.50305477038033,analytic_truth_velocity_no_apn,13.882981973397907,analytic_track_velocity_no_apn,O_far,replace_track_with_truth_cv_for_analytic_chain,-4.379927203017576,30.0,16.0
9.50305477038033,analytic_truth_quadratic_no_apn,9.50305477038033,analytic_truth_velocity_no_apn,O_far,truth_cv_quadratic_invariant,0.0,30.0,16.0
9.50305477038033,analytic_truth_velocity_apn,9.50305477038033,analytic_truth_velocity_no_apn,O_far,truth_cv_apn_invariant,0.0,30.0,16.0
0.023909580732032025,legacy_no_capture,0.023909580732032025,legacy_no_capture_no_lead,O_far,lead_requires_capture_invariant,0.0,30.0,16.0
