case_id,target_motion_layer,target_acceleration_x_mps2,range_km,bearing_deg,launch_class,seed_count,complete_effect_chain_count,in_radius_fuze_blocked_count,outside_no_load_count,chain_states,outcome_states,nearest_distance_min_m,nearest_distance_max_m,nearest_distance_spread_m,terminal_track_residual_causes,max_seeker_fov_excess_deg,max_detection_fov_excess_deg,structural_consistent,nominal_guidance_residual,legacy_negative_control_alert,in_radius_fuze_blocked
kces_anchor_grid_cv_10km_m15deg,nonmaneuvering_constant_velocity,0.0,10.0,-15.0,N,3,3,0,0,['complete_effect_chain'],['damage_applied'],0.001367000479717894,0.001367000479717894,0.0,[],71.14438280664268,71.14589460174679,True,False,False,False
kces_anchor_grid_cv_10km_m30deg,nonmaneuvering_constant_velocity,0.0,10.0,-30.0,M,3,3,0,0,['complete_effect_chain'],['damage_applied'],0.0013695418887230077,0.0013695418887230077,0.0,[],51.49408486117332,51.496798427494525,True,False,False,False
kces_anchor_grid_cv_10km_m45deg,nonmaneuvering_constant_velocity,0.0,10.0,-45.0,M,3,3,0,0,['complete_effect_chain'],['damage_applied'],0.001402140071388814,0.001402140071388814,0.0,[],29.916950246694583,29.923019028623955,True,False,False,False
kces_anchor_grid_cv_10km_m60deg,nonmaneuvering_constant_velocity,0.0,10.0,-60.0,O,3,3,0,0,['complete_effect_chain'],['damage_applied'],0.0014000715131809443,0.0014000715131809443,0.0,[],3.3358304914331,3.3438321647741986,True,False,True,False
kces_anchor_grid_cv_10km_m75deg,nonmaneuvering_constant_velocity,0.0,10.0,-75.0,O,3,0,0,3,['outside_no_load'],[''],7942.472099642712,7942.472099642712,0.0,[],5.120745535599326,30.491313999990197,True,False,False,False
kces_anchor_grid_cv_10km_m90deg,nonmaneuvering_constant_velocity,0.0,10.0,-90.0,O,3,0,0,3,['outside_no_load'],['missile_timeout'],10000.040404851581,10000.040404851581,0.0,[],0.0,77.11427498281057,True,False,False,False
kces_anchor_grid_cv_10km_p0deg,nonmaneuvering_constant_velocity,0.0,10.0,0.0,N,3,3,0,0,['complete_effect_chain'],['damage_applied'],0.0013622121991446634,0.0013622121991446634,0.0,[],89.99999999999997,90.0,True,False,False,False
kces_anchor_grid_cv_10km_p15deg,nonmaneuvering_constant_velocity,0.0,10.0,15.0,N,3,3,0,0,['complete_effect_chain'],['damage_applied'],0.0013640877140751473,0.0013640877140751473,0.0,[],71.14438280664268,71.14589460174679,True,False,False,False
kces_anchor_grid_cv_10km_p30deg,nonmaneuvering_constant_velocity,0.0,10.0,30.0,M,3,3,0,0,['complete_effect_chain'],['damage_applied'],0.0013663727542851292,0.0013663727542851292,0.0,[],51.49408486117332,51.496798427494525,True,False,False,False
kces_anchor_grid_cv_10km_p45deg,nonmaneuvering_constant_velocity,0.0,10.0,45.0,M,3,3,0,0,['complete_effect_chain'],['damage_applied'],0.0013970930274600287,0.0013970930274600287,0.0,[],29.916950246694583,29.923019028623955,True,False,False,False
kces_anchor_grid_cv_10km_p60deg,nonmaneuvering_constant_velocity,0.0,10.0,60.0,O,3,3,0,0,['complete_effect_chain'],['damage_applied'],0.0013994803991079212,0.0013994803991079212,0.0,[],3.3358304914331,3.3438321647741986,True,False,True,False
kces_anchor_grid_cv_10km_p75deg,nonmaneuvering_constant_velocity,0.0,10.0,75.0,O,3,0,0,3,['outside_no_load'],[''],7942.472137535024,7942.472137535024,0.0,[],5.120745535599326,30.491313999990197,True,False,False,False
kces_anchor_grid_cv_10km_p90deg,nonmaneuvering_constant_velocity,0.0,10.0,90.0,O,3,0,0,3,['outside_no_load'],['missile_timeout'],10000.040518998048,10000.040518998048,0.0,[],0.0,77.11427498281057,True,False,False,False
kces_anchor_grid_cv_12km_m15deg,nonmaneuvering_constant_velocity,0.0,12.0,-15.0,M,3,3,0,0,['complete_effect_chain'],['damage_applied'],0.0013705427274449233,0.0013705427274449233,0.0,[],71.01463450879399,71.01639719202768,True,False,False,False
kces_anchor_grid_cv_12km_m30deg,nonmaneuvering_constant_velocity,0.0,12.0,-30.0,M,3,3,0,0,['complete_effect_chain'],['damage_applied'],0.001380850645794409,0.001380850645794409,0.0,[],51.18673381760746,51.18996775665272,True,False,False,False
kces_anchor_grid_cv_12km_m45deg,nonmaneuvering_constant_velocity,0.0,12.0,-45.0,O,3,3,0,0,['complete_effect_chain'],['damage_applied'],0.0013841337507012703,0.0013841337507012703,0.0,[],29.38132581345026,29.39076212483991,True,False,True,False
kces_anchor_grid_cv_12km_m60deg,nonmaneuvering_constant_velocity,0.0,12.0,-60.0,O,3,3,0,0,['complete_effect_chain'],['damage_applied'],0.0013925410669541598,0.0013925410669541598,0.0,[],2.2050680840209225,2.218540604662877,True,False,True,False
kces_anchor_grid_cv_12km_m75deg,nonmaneuvering_constant_velocity,0.0,12.0,-75.0,O,3,0,0,3,['outside_no_load'],[''],9679.150533334392,9679.150533334392,0.0,[],4.245851443612764,28.605258324794463,True,False,False,False
kces_anchor_grid_cv_12km_m90deg,nonmaneuvering_constant_velocity,0.0,12.0,-90.0,O,3,0,0,3,['outside_no_load'],['missile_timeout'],12000.033661218218,12000.033661218218,0.0,[],0.0,74.6492110433291,True,False,False,False
kces_anchor_grid_cv_12km_p0deg,nonmaneuvering_constant_velocity,0.0,12.0,0.0,N,3,3,0,0,['complete_effect_chain'],['damage_applied'],0.0013622122686153253,0.0013622122686153253,0.0,[],89.99999999999994,90.0,True,False,False,False
kces_anchor_grid_cv_12km_p15deg,nonmaneuvering_constant_velocity,0.0,12.0,15.0,M,3,3,0,0,['complete_effect_chain'],['damage_applied'],0.0013665419301073169,0.0013665419301073169,0.0,[],71.01463450879399,71.01639719202768,True,False,False,False
kces_anchor_grid_cv_12km_p30deg,nonmaneuvering_constant_velocity,0.0,12.0,30.0,M,3,3,0,0,['complete_effect_chain'],['damage_applied'],0.001375627849376836,0.001375627849376836,0.0,[],51.18673381760746,51.18996775665272,True,False,False,False
kces_anchor_grid_cv_12km_p45deg,nonmaneuvering_constant_velocity,0.0,12.0,45.0,O,3,3,0,0,['complete_effect_chain'],['damage_applied'],0.0013804545360618027,0.0013804545360618027,0.0,[],29.38132581345026,29.39076212483991,True,False,True,False
kces_anchor_grid_cv_12km_p60deg,nonmaneuvering_constant_velocity,0.0,12.0,60.0,O,3,3,0,0,['complete_effect_chain'],['damage_applied'],0.001392188458806662,0.001392188458806662,0.0,[],2.2050680840209225,2.218540604662877,True,False,True,False
kces_anchor_grid_cv_12km_p75deg,nonmaneuvering_constant_velocity,0.0,12.0,75.0,O,3,0,0,3,['outside_no_load'],[''],9679.15057195367,9679.15057195367,0.0,[],4.245851443612764,28.605258324794463,True,False,False,False
kces_anchor_grid_cv_12km_p90deg,nonmaneuvering_constant_velocity,0.0,12.0,90.0,O,3,0,0,3,['outside_no_load'],['missile_timeout'],12000.033775364827,12000.033775364827,0.0,[],0.0,74.6492110433291,True,False,False,False
kces_anchor_grid_cv_16km_m15deg,nonmaneuvering_constant_velocity,0.0,16.0,-15.0,M,3,3,0,0,['complete_effect_chain'],['damage_applied'],0.0013654878348433297,0.0013654878348433297,0.0,[],70.79801949491542,70.80140928568864,True,False,False,False
kces_anchor_grid_cv_16km_m30deg,nonmaneuvering_constant_velocity,0.0,16.0,-30.0,O,3,3,0,0,['complete_effect_chain'],['damage_applied'],0.0013849725587759766,0.0013849725587759766,0.0,[],50.70359928092603,50.707841756330396,True,False,True,False
kces_anchor_grid_cv_16km_m45deg,nonmaneuvering_constant_velocity,0.0,16.0,-45.0,O,3,3,0,0,['complete_effect_chain'],['damage_applied'],0.0013812070147824122,0.0013812070147824122,0.0,[],28.46224958128161,28.472281490025594,True,False,True,False
kces_anchor_grid_cv_16km_m60deg,nonmaneuvering_constant_velocity,0.0,16.0,-60.0,O,3,3,0,0,['complete_effect_chain'],['damage_applied'],0.0013948673822559003,0.0013948673822559003,0.0,[],0.07838810567382382,0.07837829291376863,True,False,True,False
kces_anchor_grid_cv_16km_m75deg,nonmaneuvering_constant_velocity,0.0,16.0,-75.0,O,3,0,0,3,['outside_no_load'],[''],13158.387289284567,13158.387289284567,0.0,[],3.0868694906003356,26.057403184761597,True,False,False,False
kces_anchor_grid_cv_16km_m90deg,nonmaneuvering_constant_velocity,0.0,16.0,-90.0,O,3,0,0,3,['outside_no_load'],['missile_timeout'],16000.025231660811,16000.025231660811,0.0,[],0.0,69.89588874242139,True,False,False,False
kces_anchor_grid_cv_16km_p0deg,nonmaneuvering_constant_velocity,0.0,16.0,0.0,M,3,3,0,0,['complete_effect_chain'],['damage_applied'],0.0013622124199678543,0.0013622124199678543,0.0,[],90.0,90.0,True,False,False,False
kces_anchor_grid_cv_16km_p15deg,nonmaneuvering_constant_velocity,0.0,16.0,15.0,M,3,3,0,0,['complete_effect_chain'],['damage_applied'],0.0013631652629329033,0.0013631652629329033,0.0,[],70.79801949491542,70.80140928568864,True,False,False,False
kces_anchor_grid_cv_16km_p30deg,nonmaneuvering_constant_velocity,0.0,16.0,30.0,O,3,3,0,0,['complete_effect_chain'],['damage_applied'],0.0013792065935450569,0.0013792065935450569,0.0,[],50.70359928092603,50.707841756330396,True,False,True,False
kces_anchor_grid_cv_16km_p45deg,nonmaneuvering_constant_velocity,0.0,16.0,45.0,O,3,3,0,0,['complete_effect_chain'],['damage_applied'],0.0013778773114455735,0.0013778773114455735,0.0,[],28.46224958128161,28.472281490025594,True,False,True,False
kces_anchor_grid_cv_16km_p60deg,nonmaneuvering_constant_velocity,0.0,16.0,60.0,O,3,3,0,0,['complete_effect_chain'],['damage_applied'],0.0013948812775081538,0.0013948812775081538,0.0,[],0.07838810567382382,0.07837829291376863,True,False,True,False
kces_anchor_grid_cv_16km_p75deg,nonmaneuvering_constant_velocity,0.0,16.0,75.0,O,3,0,0,3,['outside_no_load'],[''],13158.387328791705,13158.387328791705,0.0,[],3.0868694906003356,26.057403184761597,True,False,False,False
kces_anchor_grid_cv_16km_p90deg,nonmaneuvering_constant_velocity,0.0,16.0,90.0,O,3,0,0,3,['outside_no_load'],['missile_timeout'],16000.02534580756,16000.02534580756,0.0,[],0.0,69.89588874242139,True,False,False,False
kces_anchor_grid_cv_4km_m15deg,nonmaneuvering_constant_velocity,0.0,4.0,-15.0,N,3,3,0,0,['complete_effect_chain'],['damage_applied'],0.0013646080525311329,0.0013646080525311329,0.0,[],71.71181135148606,71.71379133199036,True,False,False,False
kces_anchor_grid_cv_4km_m30deg,nonmaneuvering_constant_velocity,0.0,4.0,-30.0,N,3,3,0,0,['complete_effect_chain'],['damage_applied'],0.0013720662808843096,0.0013720662808843096,0.0,[],52.9394377726567,52.94238358504376,True,False,False,False
kces_anchor_grid_cv_4km_m45deg,nonmaneuvering_constant_velocity,0.0,4.0,-45.0,M,3,3,0,0,['complete_effect_chain'],['damage_applied'],0.0013931658301945674,0.0013931658301945674,0.0,[],31.312639572938437,31.321683499351508,True,False,False,False
kces_anchor_grid_cv_4km_m60deg,nonmaneuvering_constant_velocity,0.0,4.0,-60.0,M,3,0,0,3,['outside_no_load'],[''],542.9527683863769,542.9527683863769,0.0,[],7.193374714446591,75.59956656459761,True,False,False,False
kces_anchor_grid_cv_4km_m75deg,nonmaneuvering_constant_velocity,0.0,4.0,-75.0,M,3,0,0,3,['outside_no_load'],[''],3055.9151827696182,3055.9151827696182,0.0,[],11.001932954663303,38.67567281786256,True,False,False,False
kces_anchor_grid_cv_4km_m90deg,nonmaneuvering_constant_velocity,0.0,4.0,-90.0,O,3,0,0,3,['outside_no_load'],['missile_timeout'],4000.101096665654,4000.101096665654,0.0,[],0.0,84.77157617901156,True,False,False,False
kces_anchor_grid_cv_4km_p0deg,nonmaneuvering_constant_velocity,0.0,4.0,0.0,N,3,3,0,0,['complete_effect_chain'],['damage_applied'],0.0013624599288445817,0.0013624599288445817,0.0,[],90.0,90.0,True,False,False,False
kces_anchor_grid_cv_4km_p15deg,nonmaneuvering_constant_velocity,0.0,4.0,15.0,N,3,3,0,0,['complete_effect_chain'],['damage_applied'],0.0013621834825017208,0.0013621834825017208,0.0,[],71.71181135148493,71.71379133199036,True,False,False,False
kces_anchor_grid_cv_4km_p30deg,nonmaneuvering_constant_velocity,0.0,4.0,30.0,N,3,3,0,0,['complete_effect_chain'],['damage_applied'],0.0013668505833216256,0.0013668505833216256,0.0,[],52.93943777266051,52.94238358504808,True,False,False,False
kces_anchor_grid_cv_4km_p45deg,nonmaneuvering_constant_velocity,0.0,4.0,45.0,M,3,3,0,0,['complete_effect_chain'],['damage_applied'],0.0013873437514377823,0.0013873437514377823,0.0,[],31.312639572938437,31.321683499351508,True,False,False,False
kces_anchor_grid_cv_4km_p60deg,nonmaneuvering_constant_velocity,0.0,4.0,60.0,M,3,0,0,3,['outside_no_load'],[''],542.9527796211833,542.9527796211833,0.0,[],7.193374714446591,75.59956656459761,True,False,False,False
kces_anchor_grid_cv_4km_p75deg,nonmaneuvering_constant_velocity,0.0,4.0,75.0,M,3,0,0,3,['outside_no_load'],[''],3055.9152361939014,3055.9152361939014,0.0,[],11.001932954663303,38.67567281786256,True,False,False,False
kces_anchor_grid_cv_4km_p90deg,nonmaneuvering_constant_velocity,0.0,4.0,90.0,O,3,0,0,3,['outside_no_load'],['missile_timeout'],4000.1012108096947,4000.1012108096947,0.0,[],0.0,84.77157617901156,True,False,False,False
kces_anchor_grid_cv_6km_m15deg,nonmaneuvering_constant_velocity,0.0,6.0,-15.0,N,3,3,0,0,['complete_effect_chain'],['damage_applied'],0.0013711809802276385,0.0013711809802276385,0.0,[],71.47853353925709,71.48155921920912,True,False,False,False
kces_anchor_grid_cv_6km_m30deg,nonmaneuvering_constant_velocity,0.0,6.0,-30.0,N,3,3,0,0,['complete_effect_chain'],['damage_applied'],0.0014003820657301845,0.0014003820657301845,0.0,[],52.434091674297576,52.43880550454904,True,False,False,False
kces_anchor_grid_cv_6km_m45deg,nonmaneuvering_constant_velocity,0.0,6.0,-45.0,M,3,3,0,0,['complete_effect_chain'],['damage_applied'],0.001415950266404028,0.001415950266404028,0.0,[],31.583136657302106,31.5895895189678,True,False,False,False
kces_anchor_grid_cv_6km_m60deg,nonmaneuvering_constant_velocity,0.0,6.0,-60.0,M,3,3,0,0,['complete_effect_chain'],['damage_applied'],0.0013987655603614427,0.0013987655603614427,0.0,[],0.5766934322999617,0.5895352534464138,True,False,False,False
kces_anchor_grid_cv_6km_m75deg,nonmaneuvering_constant_velocity,0.0,6.0,-75.0,O,3,0,0,3,['outside_no_load'],[''],4595.196123500637,4595.196123500637,0.0,[],7.8409692122685755,35.78357221771476,True,False,False,False
kces_anchor_grid_cv_6km_m90deg,nonmaneuvering_constant_velocity,0.0,6.0,-90.0,O,3,0,0,3,['outside_no_load'],['missile_timeout'],6000.067379225996,6000.067379225996,0.0,[],0.0,82.18436212366768,True,False,False,False
kces_anchor_grid_cv_6km_p0deg,nonmaneuvering_constant_velocity,0.0,6.0,0.0,N,3,3,0,0,['complete_effect_chain'],['damage_applied'],0.0013622695947458168,0.0013622695947458168,0.0,[],90.0,90.0,True,False,False,False
kces_anchor_grid_cv_6km_p15deg,nonmaneuvering_constant_velocity,0.0,6.0,15.0,N,3,3,0,0,['complete_effect_chain'],['damage_applied'],0.001366590681505782,0.001366590681505782,0.0,[],71.47853353925709,71.48155921920912,True,False,False,False
kces_anchor_grid_cv_6km_p30deg,nonmaneuvering_constant_velocity,0.0,6.0,30.0,N,3,3,0,0,['complete_effect_chain'],['damage_applied'],0.0013926980855049674,0.0013926980855049674,0.0,[],52.43409167429476,52.438805504547986,True,False,False,False
kces_anchor_grid_cv_6km_p45deg,nonmaneuvering_constant_velocity,0.0,6.0,45.0,M,3,3,0,0,['complete_effect_chain'],['damage_applied'],0.0014098320700831283,0.0014098320700831283,0.0,[],31.583136657302106,31.5895895189678,True,False,False,False
kces_anchor_grid_cv_6km_p60deg,nonmaneuvering_constant_velocity,0.0,6.0,60.0,M,3,3,0,0,['complete_effect_chain'],['damage_applied'],0.0013986641330858444,0.0013986641330858444,0.0,[],0.5766934322999617,0.5895352534464138,True,False,False,False
kces_anchor_grid_cv_6km_p75deg,nonmaneuvering_constant_velocity,0.0,6.0,75.0,O,3,0,0,3,['outside_no_load'],[''],4595.196165135834,4595.196165135834,0.0,[],7.8409692122685755,35.78357221771476,True,False,False,False
kces_anchor_grid_cv_6km_p90deg,nonmaneuvering_constant_velocity,0.0,6.0,90.0,O,3,0,0,3,['outside_no_load'],['missile_timeout'],6000.06749337164,6000.06749337164,0.0,[],0.0,82.18436212366768,True,False,False,False
kces_anchor_grid_cv_8km_m15deg,nonmaneuvering_constant_velocity,0.0,8.0,-15.0,N,3,3,0,0,['complete_effect_chain'],['damage_applied'],0.001372357049638965,0.001372357049638965,0.0,[],71.29684769840523,71.29867504863776,True,False,False,False
kces_anchor_grid_cv_8km_m30deg,nonmaneuvering_constant_velocity,0.0,8.0,-30.0,N,3,3,0,0,['complete_effect_chain'],['damage_applied'],0.001375464009472499,0.001375464009472499,0.0,[],51.896394755941685,51.89934992455133,True,False,False,False
kces_anchor_grid_cv_8km_m45deg,nonmaneuvering_constant_velocity,0.0,8.0,-45.0,M,3,3,0,0,['complete_effect_chain'],['damage_applied'],0.0014012230987433575,0.0014012230987433575,0.0,[],30.60174178679263,30.60709959448036,True,False,False,False
kces_anchor_grid_cv_8km_m60deg,nonmaneuvering_constant_velocity,0.0,8.0,-60.0,M,3,3,0,0,['complete_effect_chain'],['damage_applied'],0.001404365961565786,0.001404365961565786,0.0,[],3.3087456565957183,3.320275289468057,True,False,False,False
kces_anchor_grid_cv_8km_m75deg,nonmaneuvering_constant_velocity,0.0,8.0,-75.0,O,3,0,0,3,['outside_no_load'],[''],6229.943256055514,6229.943256055514,0.0,[],6.259458678233457,32.90568747777034,True,False,False,False
kces_anchor_grid_cv_8km_m90deg,nonmaneuvering_constant_velocity,0.0,8.0,-90.0,O,3,0,0,3,['outside_no_load'],['missile_timeout'],8000.050520275359,8000.050520275359,0.0,[],0.0,79.62880587495661,True,False,False,False
kces_anchor_grid_cv_8km_p0deg,nonmaneuvering_constant_velocity,0.0,8.0,0.0,N,3,3,0,0,['complete_effect_chain'],['damage_applied'],0.0013622121336378274,0.0013622121336378274,0.0,[],89.99999999999997,90.0,True,False,False,False
kces_anchor_grid_cv_8km_p15deg,nonmaneuvering_constant_velocity,0.0,8.0,15.0,N,3,3,0,0,['complete_effect_chain'],['damage_applied'],0.0013678847721720656,0.0013678847721720656,0.0,[],71.29684769840222,71.2986750486343,True,False,False,False
kces_anchor_grid_cv_8km_p30deg,nonmaneuvering_constant_velocity,0.0,8.0,30.0,N,3,3,0,0,['complete_effect_chain'],['damage_applied'],0.0013710701979743809,0.0013710701979743809,0.0,[],51.896394755941685,51.89934992455133,True,False,False,False
kces_anchor_grid_cv_8km_p45deg,nonmaneuvering_constant_velocity,0.0,8.0,45.0,M,3,3,0,0,['complete_effect_chain'],['damage_applied'],0.0013961358746126986,0.0013961358746126986,0.0,[],30.60174178679263,30.60709959448036,True,False,False,False
kces_anchor_grid_cv_8km_p60deg,nonmaneuvering_constant_velocity,0.0,8.0,60.0,M,3,3,0,0,['complete_effect_chain'],['damage_applied'],0.0014037486532474895,0.0014037486532474895,0.0,[],3.3087456565957183,3.320275289468057,True,False,False,False
kces_anchor_grid_cv_8km_p75deg,nonmaneuvering_constant_velocity,0.0,8.0,75.0,O,3,0,0,3,['outside_no_load'],[''],6229.943292955612,6229.943292955612,0.0,[],6.259458678233457,32.90568747777034,True,False,False,False
kces_anchor_grid_cv_8km_p90deg,nonmaneuvering_constant_velocity,0.0,8.0,90.0,O,3,0,0,3,['outside_no_load'],['missile_timeout'],8000.0506344215655,8000.0506344215655,0.0,[],0.0,79.62880587495661,True,False,False,False
kces_anchor_grid_mild_10km_m30deg,mild_maneuver,-8.0,10.0,-30.0,O,3,3,0,0,['complete_effect_chain'],['damage_applied'],0.001985961178841626,0.001985961178841626,0.0,[],50.33786211553607,50.34844494102407,True,False,True,False
kces_anchor_grid_mild_10km_m60deg,mild_maneuver,-8.0,10.0,-60.0,O,3,0,0,3,['outside_no_load'],[''],86.8042715092514,86.8042715092514,0.0,[],0.4161842821415007,78.1444442188855,True,False,False,False
kces_anchor_grid_mild_10km_p0deg,mild_maneuver,8.0,10.0,0.0,M,3,3,0,0,['complete_effect_chain'],['damage_applied'],0.0019117927397961391,0.0019117927397961391,0.0,[],89.38918341590386,89.39650770776393,True,False,False,False
kces_anchor_grid_mild_10km_p30deg,mild_maneuver,8.0,10.0,30.0,O,3,3,0,0,['complete_effect_chain'],['damage_applied'],0.0019186889627894018,0.0019186889627894018,0.0,[],50.33786211553607,50.34844494102407,True,False,True,False
kces_anchor_grid_mild_10km_p60deg,mild_maneuver,8.0,10.0,60.0,O,3,0,0,3,['outside_no_load'],[''],86.8044902544037,86.8044902544037,0.0,[],0.4161842821415007,78.1444442188855,True,False,False,False
kces_anchor_grid_mild_6km_m30deg,mild_maneuver,-8.0,6.0,-30.0,M,3,3,0,0,['complete_effect_chain'],['damage_applied'],0.0019882532562915055,0.0019882532562915055,0.0,[],51.980655465704245,51.99003436623104,True,False,False,False
kces_anchor_grid_mild_6km_m60deg,mild_maneuver,-8.0,6.0,-60.0,O,3,0,3,0,['in_radius_fuze_blocked'],['fuze_no_terminal_track'],13.317615731677678,13.317615731677678,0.0,['seeker_fov_exit_then_memory_timeout'],0.29954074900371097,85.45578310712699,True,False,True,True
kces_anchor_grid_mild_6km_p0deg,mild_maneuver,8.0,6.0,0.0,N,3,3,0,0,['complete_effect_chain'],['damage_applied'],0.0018069464643969196,0.0018069464643969196,0.0,[],89.66577907047724,89.67327353200403,True,False,False,False
kces_anchor_grid_mild_6km_p30deg,mild_maneuver,8.0,6.0,30.0,M,3,3,0,0,['complete_effect_chain'],['damage_applied'],0.0019518607616491003,0.0019518607616491003,0.0,[],51.980655465704245,51.99003436623104,True,False,False,False
kces_anchor_grid_mild_6km_p60deg,mild_maneuver,8.0,6.0,60.0,O,3,0,3,0,['in_radius_fuze_blocked'],['fuze_no_terminal_track'],13.31770270498944,13.31770270498944,0.0,['seeker_fov_exit_then_memory_timeout'],0.29954074900371097,85.45578310712699,True,False,True,True
kces_anchor_grid_mild_8km_m30deg,mild_maneuver,-8.0,8.0,-30.0,M,3,3,0,0,['complete_effect_chain'],['damage_applied'],0.001979465518473262,0.001979465518473262,0.0,[],51.125763254262466,51.13609270863549,True,False,False,False
kces_anchor_grid_mild_8km_m60deg,mild_maneuver,-8.0,8.0,-60.0,O,3,3,0,0,['complete_effect_chain'],['damage_applied'],0.001454337260595151,0.001454337260595151,0.0,[],0.2703958404840847,0.282850523930648,True,False,True,False
kces_anchor_grid_mild_8km_p0deg,mild_maneuver,8.0,8.0,0.0,M,3,3,0,0,['complete_effect_chain'],['damage_applied'],0.001903962693065239,0.001903962693065239,0.0,[],89.53693704619579,89.54143528442688,True,False,False,False
kces_anchor_grid_mild_8km_p30deg,mild_maneuver,8.0,8.0,30.0,M,3,3,0,0,['complete_effect_chain'],['damage_applied'],0.001930825424082481,0.001930825424082481,0.0,[],51.12576325425954,51.13609270863327,True,False,False,False
kces_anchor_grid_mild_8km_p60deg,mild_maneuver,8.0,8.0,60.0,O,3,3,0,0,['complete_effect_chain'],['damage_applied'],0.0014145202949789526,0.0014145202949789526,0.0,[],0.2703958404840847,0.282850523930648,True,False,True,False
