case_id,target_motion_layer,target_acceleration_x_mps2,range_km,bearing_deg,old_launch_class,observed_chain_state,candidate_launch_class,transition,stable_across_seeds,seed_count,nearest_distance_min_m,nearest_distance_max_m,legacy_negative_control_alert,in_radius_fuze_blocked,terminal_track_residual_causes
kces_anchor_grid_cv_10km_m15deg,nonmaneuvering_constant_velocity,0.0,10.0,-15.0,N,complete_effect_chain,N,retain_N,True,3,0.001367000479717894,0.001367000479717894,False,False,
kces_anchor_grid_cv_10km_m30deg,nonmaneuvering_constant_velocity,0.0,10.0,-30.0,M,complete_effect_chain,N,promote_to_N,True,3,0.0013695418887230077,0.0013695418887230077,False,False,
kces_anchor_grid_cv_10km_m45deg,nonmaneuvering_constant_velocity,0.0,10.0,-45.0,M,complete_effect_chain,N,promote_to_N,True,3,0.001402140071388814,0.001402140071388814,False,False,
kces_anchor_grid_cv_10km_m60deg,nonmaneuvering_constant_velocity,0.0,10.0,-60.0,O,complete_effect_chain,N,promote_to_N,True,3,0.0014000715131809443,0.0014000715131809443,True,False,
kces_anchor_grid_cv_10km_m75deg,nonmaneuvering_constant_velocity,0.0,10.0,-75.0,O,outside_no_load,O,retain_O,True,3,7942.472099642712,7942.472099642712,False,False,
kces_anchor_grid_cv_10km_m90deg,nonmaneuvering_constant_velocity,0.0,10.0,-90.0,O,outside_no_load,O,retain_O,True,3,10000.040404851581,10000.040404851581,False,False,
kces_anchor_grid_cv_10km_p0deg,nonmaneuvering_constant_velocity,0.0,10.0,0.0,N,complete_effect_chain,N,retain_N,True,3,0.0013622121991446634,0.0013622121991446634,False,False,
kces_anchor_grid_cv_10km_p15deg,nonmaneuvering_constant_velocity,0.0,10.0,15.0,N,complete_effect_chain,N,retain_N,True,3,0.0013640877140751473,0.0013640877140751473,False,False,
kces_anchor_grid_cv_10km_p30deg,nonmaneuvering_constant_velocity,0.0,10.0,30.0,M,complete_effect_chain,N,promote_to_N,True,3,0.0013663727542851292,0.0013663727542851292,False,False,
kces_anchor_grid_cv_10km_p45deg,nonmaneuvering_constant_velocity,0.0,10.0,45.0,M,complete_effect_chain,N,promote_to_N,True,3,0.0013970930274600287,0.0013970930274600287,False,False,
kces_anchor_grid_cv_10km_p60deg,nonmaneuvering_constant_velocity,0.0,10.0,60.0,O,complete_effect_chain,N,promote_to_N,True,3,0.0013994803991079212,0.0013994803991079212,True,False,
kces_anchor_grid_cv_10km_p75deg,nonmaneuvering_constant_velocity,0.0,10.0,75.0,O,outside_no_load,O,retain_O,True,3,7942.472137535024,7942.472137535024,False,False,
kces_anchor_grid_cv_10km_p90deg,nonmaneuvering_constant_velocity,0.0,10.0,90.0,O,outside_no_load,O,retain_O,True,3,10000.040518998048,10000.040518998048,False,False,
kces_anchor_grid_cv_12km_m15deg,nonmaneuvering_constant_velocity,0.0,12.0,-15.0,M,complete_effect_chain,N,promote_to_N,True,3,0.0013705427274449233,0.0013705427274449233,False,False,
kces_anchor_grid_cv_12km_m30deg,nonmaneuvering_constant_velocity,0.0,12.0,-30.0,M,complete_effect_chain,N,promote_to_N,True,3,0.001380850645794409,0.001380850645794409,False,False,
kces_anchor_grid_cv_12km_m45deg,nonmaneuvering_constant_velocity,0.0,12.0,-45.0,O,complete_effect_chain,N,promote_to_N,True,3,0.0013841337507012703,0.0013841337507012703,True,False,
kces_anchor_grid_cv_12km_m60deg,nonmaneuvering_constant_velocity,0.0,12.0,-60.0,O,complete_effect_chain,N,promote_to_N,True,3,0.0013925410669541598,0.0013925410669541598,True,False,
kces_anchor_grid_cv_12km_m75deg,nonmaneuvering_constant_velocity,0.0,12.0,-75.0,O,outside_no_load,O,retain_O,True,3,9679.150533334392,9679.150533334392,False,False,
kces_anchor_grid_cv_12km_m90deg,nonmaneuvering_constant_velocity,0.0,12.0,-90.0,O,outside_no_load,O,retain_O,True,3,12000.033661218218,12000.033661218218,False,False,
kces_anchor_grid_cv_12km_p0deg,nonmaneuvering_constant_velocity,0.0,12.0,0.0,N,complete_effect_chain,N,retain_N,True,3,0.0013622122686153253,0.0013622122686153253,False,False,
kces_anchor_grid_cv_12km_p15deg,nonmaneuvering_constant_velocity,0.0,12.0,15.0,M,complete_effect_chain,N,promote_to_N,True,3,0.0013665419301073169,0.0013665419301073169,False,False,
kces_anchor_grid_cv_12km_p30deg,nonmaneuvering_constant_velocity,0.0,12.0,30.0,M,complete_effect_chain,N,promote_to_N,True,3,0.001375627849376836,0.001375627849376836,False,False,
kces_anchor_grid_cv_12km_p45deg,nonmaneuvering_constant_velocity,0.0,12.0,45.0,O,complete_effect_chain,N,promote_to_N,True,3,0.0013804545360618027,0.0013804545360618027,True,False,
kces_anchor_grid_cv_12km_p60deg,nonmaneuvering_constant_velocity,0.0,12.0,60.0,O,complete_effect_chain,N,promote_to_N,True,3,0.001392188458806662,0.001392188458806662,True,False,
kces_anchor_grid_cv_12km_p75deg,nonmaneuvering_constant_velocity,0.0,12.0,75.0,O,outside_no_load,O,retain_O,True,3,9679.15057195367,9679.15057195367,False,False,
kces_anchor_grid_cv_12km_p90deg,nonmaneuvering_constant_velocity,0.0,12.0,90.0,O,outside_no_load,O,retain_O,True,3,12000.033775364827,12000.033775364827,False,False,
kces_anchor_grid_cv_16km_m15deg,nonmaneuvering_constant_velocity,0.0,16.0,-15.0,M,complete_effect_chain,N,promote_to_N,True,3,0.0013654878348433297,0.0013654878348433297,False,False,
kces_anchor_grid_cv_16km_m30deg,nonmaneuvering_constant_velocity,0.0,16.0,-30.0,O,complete_effect_chain,N,promote_to_N,True,3,0.0013849725587759766,0.0013849725587759766,True,False,
kces_anchor_grid_cv_16km_m45deg,nonmaneuvering_constant_velocity,0.0,16.0,-45.0,O,complete_effect_chain,N,promote_to_N,True,3,0.0013812070147824122,0.0013812070147824122,True,False,
kces_anchor_grid_cv_16km_m60deg,nonmaneuvering_constant_velocity,0.0,16.0,-60.0,O,complete_effect_chain,N,promote_to_N,True,3,0.0013948673822559003,0.0013948673822559003,True,False,
kces_anchor_grid_cv_16km_m75deg,nonmaneuvering_constant_velocity,0.0,16.0,-75.0,O,outside_no_load,O,retain_O,True,3,13158.387289284567,13158.387289284567,False,False,
kces_anchor_grid_cv_16km_m90deg,nonmaneuvering_constant_velocity,0.0,16.0,-90.0,O,outside_no_load,O,retain_O,True,3,16000.025231660811,16000.025231660811,False,False,
kces_anchor_grid_cv_16km_p0deg,nonmaneuvering_constant_velocity,0.0,16.0,0.0,M,complete_effect_chain,N,promote_to_N,True,3,0.0013622124199678543,0.0013622124199678543,False,False,
kces_anchor_grid_cv_16km_p15deg,nonmaneuvering_constant_velocity,0.0,16.0,15.0,M,complete_effect_chain,N,promote_to_N,True,3,0.0013631652629329033,0.0013631652629329033,False,False,
kces_anchor_grid_cv_16km_p30deg,nonmaneuvering_constant_velocity,0.0,16.0,30.0,O,complete_effect_chain,N,promote_to_N,True,3,0.0013792065935450569,0.0013792065935450569,True,False,
kces_anchor_grid_cv_16km_p45deg,nonmaneuvering_constant_velocity,0.0,16.0,45.0,O,complete_effect_chain,N,promote_to_N,True,3,0.0013778773114455735,0.0013778773114455735,True,False,
kces_anchor_grid_cv_16km_p60deg,nonmaneuvering_constant_velocity,0.0,16.0,60.0,O,complete_effect_chain,N,promote_to_N,True,3,0.0013948812775081538,0.0013948812775081538,True,False,
kces_anchor_grid_cv_16km_p75deg,nonmaneuvering_constant_velocity,0.0,16.0,75.0,O,outside_no_load,O,retain_O,True,3,13158.387328791705,13158.387328791705,False,False,
kces_anchor_grid_cv_16km_p90deg,nonmaneuvering_constant_velocity,0.0,16.0,90.0,O,outside_no_load,O,retain_O,True,3,16000.02534580756,16000.02534580756,False,False,
kces_anchor_grid_cv_4km_m15deg,nonmaneuvering_constant_velocity,0.0,4.0,-15.0,N,complete_effect_chain,N,retain_N,True,3,0.0013646080525311329,0.0013646080525311329,False,False,
kces_anchor_grid_cv_4km_m30deg,nonmaneuvering_constant_velocity,0.0,4.0,-30.0,N,complete_effect_chain,N,retain_N,True,3,0.0013720662808843096,0.0013720662808843096,False,False,
kces_anchor_grid_cv_4km_m45deg,nonmaneuvering_constant_velocity,0.0,4.0,-45.0,M,complete_effect_chain,N,promote_to_N,True,3,0.0013931658301945674,0.0013931658301945674,False,False,
kces_anchor_grid_cv_4km_m60deg,nonmaneuvering_constant_velocity,0.0,4.0,-60.0,M,outside_no_load,O,demote_to_O,True,3,542.9527683863769,542.9527683863769,False,False,
kces_anchor_grid_cv_4km_m75deg,nonmaneuvering_constant_velocity,0.0,4.0,-75.0,M,outside_no_load,O,demote_to_O,True,3,3055.9151827696182,3055.9151827696182,False,False,
kces_anchor_grid_cv_4km_m90deg,nonmaneuvering_constant_velocity,0.0,4.0,-90.0,O,outside_no_load,O,retain_O,True,3,4000.101096665654,4000.101096665654,False,False,
kces_anchor_grid_cv_4km_p0deg,nonmaneuvering_constant_velocity,0.0,4.0,0.0,N,complete_effect_chain,N,retain_N,True,3,0.0013624599288445817,0.0013624599288445817,False,False,
kces_anchor_grid_cv_4km_p15deg,nonmaneuvering_constant_velocity,0.0,4.0,15.0,N,complete_effect_chain,N,retain_N,True,3,0.0013621834825017208,0.0013621834825017208,False,False,
kces_anchor_grid_cv_4km_p30deg,nonmaneuvering_constant_velocity,0.0,4.0,30.0,N,complete_effect_chain,N,retain_N,True,3,0.0013668505833216256,0.0013668505833216256,False,False,
kces_anchor_grid_cv_4km_p45deg,nonmaneuvering_constant_velocity,0.0,4.0,45.0,M,complete_effect_chain,N,promote_to_N,True,3,0.0013873437514377823,0.0013873437514377823,False,False,
kces_anchor_grid_cv_4km_p60deg,nonmaneuvering_constant_velocity,0.0,4.0,60.0,M,outside_no_load,O,demote_to_O,True,3,542.9527796211833,542.9527796211833,False,False,
kces_anchor_grid_cv_4km_p75deg,nonmaneuvering_constant_velocity,0.0,4.0,75.0,M,outside_no_load,O,demote_to_O,True,3,3055.9152361939014,3055.9152361939014,False,False,
kces_anchor_grid_cv_4km_p90deg,nonmaneuvering_constant_velocity,0.0,4.0,90.0,O,outside_no_load,O,retain_O,True,3,4000.1012108096947,4000.1012108096947,False,False,
kces_anchor_grid_cv_6km_m15deg,nonmaneuvering_constant_velocity,0.0,6.0,-15.0,N,complete_effect_chain,N,retain_N,True,3,0.0013711809802276385,0.0013711809802276385,False,False,
kces_anchor_grid_cv_6km_m30deg,nonmaneuvering_constant_velocity,0.0,6.0,-30.0,N,complete_effect_chain,N,retain_N,True,3,0.0014003820657301845,0.0014003820657301845,False,False,
kces_anchor_grid_cv_6km_m45deg,nonmaneuvering_constant_velocity,0.0,6.0,-45.0,M,complete_effect_chain,N,promote_to_N,True,3,0.001415950266404028,0.001415950266404028,False,False,
kces_anchor_grid_cv_6km_m60deg,nonmaneuvering_constant_velocity,0.0,6.0,-60.0,M,complete_effect_chain,N,promote_to_N,True,3,0.0013987655603614427,0.0013987655603614427,False,False,
kces_anchor_grid_cv_6km_m75deg,nonmaneuvering_constant_velocity,0.0,6.0,-75.0,O,outside_no_load,O,retain_O,True,3,4595.196123500637,4595.196123500637,False,False,
kces_anchor_grid_cv_6km_m90deg,nonmaneuvering_constant_velocity,0.0,6.0,-90.0,O,outside_no_load,O,retain_O,True,3,6000.067379225996,6000.067379225996,False,False,
kces_anchor_grid_cv_6km_p0deg,nonmaneuvering_constant_velocity,0.0,6.0,0.0,N,complete_effect_chain,N,retain_N,True,3,0.0013622695947458168,0.0013622695947458168,False,False,
kces_anchor_grid_cv_6km_p15deg,nonmaneuvering_constant_velocity,0.0,6.0,15.0,N,complete_effect_chain,N,retain_N,True,3,0.001366590681505782,0.001366590681505782,False,False,
kces_anchor_grid_cv_6km_p30deg,nonmaneuvering_constant_velocity,0.0,6.0,30.0,N,complete_effect_chain,N,retain_N,True,3,0.0013926980855049674,0.0013926980855049674,False,False,
kces_anchor_grid_cv_6km_p45deg,nonmaneuvering_constant_velocity,0.0,6.0,45.0,M,complete_effect_chain,N,promote_to_N,True,3,0.0014098320700831283,0.0014098320700831283,False,False,
kces_anchor_grid_cv_6km_p60deg,nonmaneuvering_constant_velocity,0.0,6.0,60.0,M,complete_effect_chain,N,promote_to_N,True,3,0.0013986641330858444,0.0013986641330858444,False,False,
kces_anchor_grid_cv_6km_p75deg,nonmaneuvering_constant_velocity,0.0,6.0,75.0,O,outside_no_load,O,retain_O,True,3,4595.196165135834,4595.196165135834,False,False,
kces_anchor_grid_cv_6km_p90deg,nonmaneuvering_constant_velocity,0.0,6.0,90.0,O,outside_no_load,O,retain_O,True,3,6000.06749337164,6000.06749337164,False,False,
kces_anchor_grid_cv_8km_m15deg,nonmaneuvering_constant_velocity,0.0,8.0,-15.0,N,complete_effect_chain,N,retain_N,True,3,0.001372357049638965,0.001372357049638965,False,False,
kces_anchor_grid_cv_8km_m30deg,nonmaneuvering_constant_velocity,0.0,8.0,-30.0,N,complete_effect_chain,N,retain_N,True,3,0.001375464009472499,0.001375464009472499,False,False,
kces_anchor_grid_cv_8km_m45deg,nonmaneuvering_constant_velocity,0.0,8.0,-45.0,M,complete_effect_chain,N,promote_to_N,True,3,0.0014012230987433575,0.0014012230987433575,False,False,
kces_anchor_grid_cv_8km_m60deg,nonmaneuvering_constant_velocity,0.0,8.0,-60.0,M,complete_effect_chain,N,promote_to_N,True,3,0.001404365961565786,0.001404365961565786,False,False,
kces_anchor_grid_cv_8km_m75deg,nonmaneuvering_constant_velocity,0.0,8.0,-75.0,O,outside_no_load,O,retain_O,True,3,6229.943256055514,6229.943256055514,False,False,
kces_anchor_grid_cv_8km_m90deg,nonmaneuvering_constant_velocity,0.0,8.0,-90.0,O,outside_no_load,O,retain_O,True,3,8000.050520275359,8000.050520275359,False,False,
kces_anchor_grid_cv_8km_p0deg,nonmaneuvering_constant_velocity,0.0,8.0,0.0,N,complete_effect_chain,N,retain_N,True,3,0.0013622121336378274,0.0013622121336378274,False,False,
kces_anchor_grid_cv_8km_p15deg,nonmaneuvering_constant_velocity,0.0,8.0,15.0,N,complete_effect_chain,N,retain_N,True,3,0.0013678847721720656,0.0013678847721720656,False,False,
kces_anchor_grid_cv_8km_p30deg,nonmaneuvering_constant_velocity,0.0,8.0,30.0,N,complete_effect_chain,N,retain_N,True,3,0.0013710701979743809,0.0013710701979743809,False,False,
kces_anchor_grid_cv_8km_p45deg,nonmaneuvering_constant_velocity,0.0,8.0,45.0,M,complete_effect_chain,N,promote_to_N,True,3,0.0013961358746126986,0.0013961358746126986,False,False,
kces_anchor_grid_cv_8km_p60deg,nonmaneuvering_constant_velocity,0.0,8.0,60.0,M,complete_effect_chain,N,promote_to_N,True,3,0.0014037486532474895,0.0014037486532474895,False,False,
kces_anchor_grid_cv_8km_p75deg,nonmaneuvering_constant_velocity,0.0,8.0,75.0,O,outside_no_load,O,retain_O,True,3,6229.943292955612,6229.943292955612,False,False,
kces_anchor_grid_cv_8km_p90deg,nonmaneuvering_constant_velocity,0.0,8.0,90.0,O,outside_no_load,O,retain_O,True,3,8000.0506344215655,8000.0506344215655,False,False,
kces_anchor_grid_mild_10km_m30deg,mild_maneuver,-8.0,10.0,-30.0,O,complete_effect_chain,N,promote_to_N,True,3,0.001985961178841626,0.001985961178841626,True,False,
kces_anchor_grid_mild_10km_m60deg,mild_maneuver,-8.0,10.0,-60.0,O,outside_no_load,O,retain_O,True,3,86.8042715092514,86.8042715092514,False,False,
kces_anchor_grid_mild_10km_p0deg,mild_maneuver,8.0,10.0,0.0,M,complete_effect_chain,N,promote_to_N,True,3,0.0019117927397961391,0.0019117927397961391,False,False,
kces_anchor_grid_mild_10km_p30deg,mild_maneuver,8.0,10.0,30.0,O,complete_effect_chain,N,promote_to_N,True,3,0.0019186889627894018,0.0019186889627894018,True,False,
kces_anchor_grid_mild_10km_p60deg,mild_maneuver,8.0,10.0,60.0,O,outside_no_load,O,retain_O,True,3,86.8044902544037,86.8044902544037,False,False,
kces_anchor_grid_mild_6km_m30deg,mild_maneuver,-8.0,6.0,-30.0,M,complete_effect_chain,N,promote_to_N,True,3,0.0019882532562915055,0.0019882532562915055,False,False,
kces_anchor_grid_mild_6km_m60deg,mild_maneuver,-8.0,6.0,-60.0,O,in_radius_fuze_blocked,M,hold_M_terminal_track_residual,True,3,13.317615731677678,13.317615731677678,True,True,seeker_fov_exit_then_memory_timeout
kces_anchor_grid_mild_6km_p0deg,mild_maneuver,8.0,6.0,0.0,N,complete_effect_chain,N,retain_N,True,3,0.0018069464643969196,0.0018069464643969196,False,False,
kces_anchor_grid_mild_6km_p30deg,mild_maneuver,8.0,6.0,30.0,M,complete_effect_chain,N,promote_to_N,True,3,0.0019518607616491003,0.0019518607616491003,False,False,
kces_anchor_grid_mild_6km_p60deg,mild_maneuver,8.0,6.0,60.0,O,in_radius_fuze_blocked,M,hold_M_terminal_track_residual,True,3,13.31770270498944,13.31770270498944,True,True,seeker_fov_exit_then_memory_timeout
kces_anchor_grid_mild_8km_m30deg,mild_maneuver,-8.0,8.0,-30.0,M,complete_effect_chain,N,promote_to_N,True,3,0.001979465518473262,0.001979465518473262,False,False,
kces_anchor_grid_mild_8km_m60deg,mild_maneuver,-8.0,8.0,-60.0,O,complete_effect_chain,N,promote_to_N,True,3,0.001454337260595151,0.001454337260595151,True,False,
kces_anchor_grid_mild_8km_p0deg,mild_maneuver,8.0,8.0,0.0,M,complete_effect_chain,N,promote_to_N,True,3,0.001903962693065239,0.001903962693065239,False,False,
kces_anchor_grid_mild_8km_p30deg,mild_maneuver,8.0,8.0,30.0,M,complete_effect_chain,N,promote_to_N,True,3,0.001930825424082481,0.001930825424082481,False,False,
kces_anchor_grid_mild_8km_p60deg,mild_maneuver,8.0,8.0,60.0,O,complete_effect_chain,N,promote_to_N,True,3,0.0014145202949789526,0.0014145202949789526,True,False,
