after_nearest_distance_m,after_variant,bearing_deg,before_nearest_distance_m,before_variant,case_id,effect_id,entered_R_fuze_after,entered_R_fuze_before,interpretation,launch_class,miss_distance_delta_m,offset_deg,range_km
857.468484031998,capture_pn,-60.0,2003.1427562332865,capture_only,guidance_ablation_cv_10km_m60deg,pn_without_lead_apn,False,False,improved,O,-1145.6742722012887,60.0,10.0
1797.5960319630735,capture_lead,-60.0,2003.1427562332865,capture_only,guidance_ablation_cv_10km_m60deg,lead_without_pn,False,False,improved,O,-205.54672427021296,60.0,10.0
714.3839990214925,capture_pn_lead,-60.0,857.468484031998,capture_pn,guidance_ablation_cv_10km_m60deg,lead_with_pn,False,False,improved,O,-143.08448501050543,60.0,10.0
714.3839990214925,capture_pn_lead,-60.0,1797.5960319630735,capture_lead,guidance_ablation_cv_10km_m60deg,pn_with_lead,False,False,improved,O,-1083.2120329415811,60.0,10.0
1681.3726115361424,capture_lead_apn,-60.0,1797.5960319630735,capture_lead,guidance_ablation_cv_10km_m60deg,apn_without_pn,False,False,improved,O,-116.22342042693117,60.0,10.0
612.3603563897975,full,-60.0,714.3839990214925,capture_pn_lead,guidance_ablation_cv_10km_m60deg,apn_with_pn,False,False,improved,O,-102.023642631695,60.0,10.0
612.3603563897975,full,-60.0,1681.3726115361424,capture_lead_apn,guidance_ablation_cv_10km_m60deg,pn_with_lead_apn,False,False,improved,O,-1069.0122551463448,60.0,10.0
501.36208058298524,full_no_track_filter,-60.0,612.3603563897975,full,guidance_ablation_cv_10km_m60deg,remove_track_filter,False,False,improved,O,-110.99827580681227,60.0,10.0
540.8155773477155,full_fast_scalar_autopilot,-60.0,612.3603563897975,full,guidance_ablation_cv_10km_m60deg,near_instant_scalar_autopilot,False,False,improved,O,-71.54477904208204,60.0,10.0
655.568491934417,full_autopilot_order2,-60.0,612.3603563897975,full,guidance_ablation_cv_10km_m60deg,second_order_autopilot,False,False,worsened,O,43.208135544619495,60.0,10.0
718.2754998770481,full_autopilot_order3,-60.0,612.3603563897975,full,guidance_ablation_cv_10km_m60deg,third_order_autopilot,False,False,worsened,O,105.91514348725059,60.0,10.0
857.468498739696,capture_pn,60.0,2003.142775766573,capture_only,guidance_ablation_cv_10km_p60deg,pn_without_lead_apn,False,False,improved,O,-1145.674277026877,60.0,10.0
1797.5960509180436,capture_lead,60.0,2003.142775766573,capture_only,guidance_ablation_cv_10km_p60deg,lead_without_pn,False,False,improved,O,-205.5467248485295,60.0,10.0
714.3840153034574,capture_pn_lead,60.0,857.468498739696,capture_pn,guidance_ablation_cv_10km_p60deg,lead_with_pn,False,False,improved,O,-143.08448343623854,60.0,10.0
714.3840153034574,capture_pn_lead,60.0,1797.5960509180436,capture_lead,guidance_ablation_cv_10km_p60deg,pn_with_lead,False,False,improved,O,-1083.212035614586,60.0,10.0
1681.3726300649864,capture_lead_apn,60.0,1797.5960509180436,capture_lead,guidance_ablation_cv_10km_p60deg,apn_without_pn,False,False,improved,O,-116.22342085305718,60.0,10.0
612.3603725588337,full,60.0,714.3840153034574,capture_pn_lead,guidance_ablation_cv_10km_p60deg,apn_with_pn,False,False,improved,O,-102.02364274462377,60.0,10.0
612.3603725588337,full,60.0,1681.3726300649864,capture_lead_apn,guidance_ablation_cv_10km_p60deg,pn_with_lead_apn,False,False,improved,O,-1069.0122575061528,60.0,10.0
501.3620965617672,full_no_track_filter,60.0,612.3603725588337,full,guidance_ablation_cv_10km_p60deg,remove_track_filter,False,False,improved,O,-110.99827599706646,60.0,10.0
540.8155934957035,full_fast_scalar_autopilot,60.0,612.3603725588337,full,guidance_ablation_cv_10km_p60deg,near_instant_scalar_autopilot,False,False,improved,O,-71.54477906313014,60.0,10.0
655.568508134201,full_autopilot_order2,60.0,612.3603725588337,full,guidance_ablation_cv_10km_p60deg,second_order_autopilot,False,False,worsened,O,43.20813557536735,60.0,10.0
718.2755161197828,full_autopilot_order3,60.0,612.3603725588337,full,guidance_ablation_cv_10km_p60deg,third_order_autopilot,False,False,worsened,O,105.9151435609491,60.0,10.0
234.3538529829124,capture_pn,-45.0,867.7402715470678,capture_only,guidance_ablation_cv_12km_m45deg,pn_without_lead_apn,False,False,improved,O,-633.3864185641554,45.0,12.0
649.9217967566442,capture_lead,-45.0,867.7402715470678,capture_only,guidance_ablation_cv_12km_m45deg,lead_without_pn,False,False,improved,O,-217.81847479042358,45.0,12.0
55.99853147851661,capture_pn_lead,-45.0,234.3538529829124,capture_pn,guidance_ablation_cv_12km_m45deg,lead_with_pn,False,False,improved,O,-178.3553215043958,45.0,12.0
55.99853147851661,capture_pn_lead,-45.0,649.9217967566442,capture_lead,guidance_ablation_cv_12km_m45deg,pn_with_lead,False,False,improved,O,-593.9232652781276,45.0,12.0
605.296734789078,capture_lead_apn,-45.0,649.9217967566442,capture_lead,guidance_ablation_cv_12km_m45deg,apn_without_pn,False,False,improved,O,-44.62506196756624,45.0,12.0
48.46191413788951,full,-45.0,55.99853147851661,capture_pn_lead,guidance_ablation_cv_12km_m45deg,apn_with_pn,False,False,improved,O,-7.536617340627103,45.0,12.0
48.46191413788951,full,-45.0,605.296734789078,capture_lead_apn,guidance_ablation_cv_12km_m45deg,pn_with_lead_apn,False,False,improved,O,-556.8348206511885,45.0,12.0
34.011097798139545,full_no_track_filter,-45.0,48.46191413788951,full,guidance_ablation_cv_12km_m45deg,remove_track_filter,False,False,improved,O,-14.450816339749963,45.0,12.0
43.37029300659123,full_fast_scalar_autopilot,-45.0,48.46191413788951,full,guidance_ablation_cv_12km_m45deg,near_instant_scalar_autopilot,False,False,improved,O,-5.091621131298275,45.0,12.0
50.61745800358258,full_autopilot_order2,-45.0,48.46191413788951,full,guidance_ablation_cv_12km_m45deg,second_order_autopilot,False,False,worsened,O,2.155543865693069,45.0,12.0
54.651550564678715,full_autopilot_order3,-45.0,48.46191413788951,full,guidance_ablation_cv_12km_m45deg,third_order_autopilot,False,False,worsened,O,6.189636426789207,45.0,12.0
234.35386424451343,capture_pn,45.0,867.7402888045174,capture_only,guidance_ablation_cv_12km_p45deg,pn_without_lead_apn,False,False,improved,O,-633.3864245600039,45.0,12.0
649.9218155545598,capture_lead,45.0,867.7402888045174,capture_only,guidance_ablation_cv_12km_p45deg,lead_without_pn,False,False,improved,O,-217.8184732499576,45.0,12.0
55.99854806334844,capture_pn_lead,45.0,234.35386424451343,capture_pn,guidance_ablation_cv_12km_p45deg,lead_with_pn,False,False,improved,O,-178.355316181165,45.0,12.0
55.99854806334844,capture_pn_lead,45.0,649.9218155545598,capture_lead,guidance_ablation_cv_12km_p45deg,pn_with_lead,False,False,improved,O,-593.9232674912114,45.0,12.0
605.2967535448673,capture_lead_apn,45.0,649.9218155545598,capture_lead,guidance_ablation_cv_12km_p45deg,apn_without_pn,False,False,improved,O,-44.62506200969244,45.0,12.0
48.461931012562566,full,45.0,55.99854806334844,capture_pn_lead,guidance_ablation_cv_12km_p45deg,apn_with_pn,False,False,improved,O,-7.536617050785871,45.0,12.0
48.461931012562566,full,45.0,605.2967535448673,capture_lead_apn,guidance_ablation_cv_12km_p45deg,pn_with_lead_apn,False,False,improved,O,-556.8348225323048,45.0,12.0
34.01111116540893,full_no_track_filter,45.0,48.461931012562566,full,guidance_ablation_cv_12km_p45deg,remove_track_filter,False,False,improved,O,-14.450819847153639,45.0,12.0
43.37030986168125,full_fast_scalar_autopilot,45.0,48.461931012562566,full,guidance_ablation_cv_12km_p45deg,near_instant_scalar_autopilot,False,False,improved,O,-5.091621150881316,45.0,12.0
50.61747470409983,full_autopilot_order2,45.0,48.461931012562566,full,guidance_ablation_cv_12km_p45deg,second_order_autopilot,False,False,worsened,O,2.155543691537261,45.0,12.0
54.651567236847505,full_autopilot_order3,45.0,48.461931012562566,full,guidance_ablation_cv_12km_p45deg,third_order_autopilot,False,False,worsened,O,6.189636224284939,45.0,12.0
99.98919959212276,capture_pn,-30.0,290.6486737623809,capture_only,guidance_ablation_cv_16km_m30deg,pn_without_lead_apn,False,False,improved,O,-190.65947417025814,30.0,16.0
62.396357839385175,capture_lead,-30.0,290.6486737623809,capture_only,guidance_ablation_cv_16km_m30deg,lead_without_pn,False,False,improved,O,-228.2523159229957,30.0,16.0
17.54217031719276,capture_pn_lead,-30.0,99.98919959212276,capture_pn,guidance_ablation_cv_16km_m30deg,lead_with_pn,False,False,improved,O,-82.44702927493,30.0,16.0
17.54217031719276,capture_pn_lead,-30.0,62.396357839385175,capture_lead,guidance_ablation_cv_16km_m30deg,pn_with_lead,False,False,improved,O,-44.85418752219242,30.0,16.0
61.67799454006175,capture_lead_apn,-30.0,62.396357839385175,capture_lead,guidance_ablation_cv_16km_m30deg,apn_without_pn,False,False,improved,O,-0.7183632993234212,30.0,16.0
17.01025523399874,full,-30.0,17.54217031719276,capture_pn_lead,guidance_ablation_cv_16km_m30deg,apn_with_pn,False,False,improved,O,-0.5319150831940185,30.0,16.0
17.01025523399874,full,-30.0,61.67799454006175,capture_lead_apn,guidance_ablation_cv_16km_m30deg,pn_with_lead_apn,False,False,improved,O,-44.66773930606301,30.0,16.0
12.702835707954824,full_no_track_filter,-30.0,17.01025523399874,full,guidance_ablation_cv_16km_m30deg,remove_track_filter,True,False,improved,O,-4.307419526043917,30.0,16.0
16.148110489627133,full_fast_scalar_autopilot,-30.0,17.01025523399874,full,guidance_ablation_cv_16km_m30deg,near_instant_scalar_autopilot,False,False,improved,O,-0.8621447443716086,30.0,16.0
17.331426814290896,full_autopilot_order2,-30.0,17.01025523399874,full,guidance_ablation_cv_16km_m30deg,second_order_autopilot,False,False,neutral,O,0.3211715802921553,30.0,16.0
18.689756276550284,full_autopilot_order3,-30.0,17.01025523399874,full,guidance_ablation_cv_16km_m30deg,third_order_autopilot,False,False,worsened,O,1.6795010425515429,30.0,16.0
99.98921890361196,capture_pn,30.0,290.6486872842241,capture_only,guidance_ablation_cv_16km_p30deg,pn_without_lead_apn,False,False,improved,O,-190.6594683806121,30.0,16.0
62.39637621845122,capture_lead,30.0,290.6486872842241,capture_only,guidance_ablation_cv_16km_p30deg,lead_without_pn,False,False,improved,O,-228.25231106577286,30.0,16.0
17.54219660923733,capture_pn_lead,30.0,99.98921890361196,capture_pn,guidance_ablation_cv_16km_p30deg,lead_with_pn,False,False,improved,O,-82.44702229437462,30.0,16.0
17.54219660923733,capture_pn_lead,30.0,62.39637621845122,capture_lead,guidance_ablation_cv_16km_p30deg,pn_with_lead,False,False,improved,O,-44.854179609213894,30.0,16.0
61.67801319704956,capture_lead_apn,30.0,62.39637621845122,capture_lead,guidance_ablation_cv_16km_p30deg,apn_without_pn,False,False,improved,O,-0.7183630214016645,30.0,16.0
17.010281853812412,full,30.0,17.54219660923733,capture_pn_lead,guidance_ablation_cv_16km_p30deg,apn_with_pn,False,False,improved,O,-0.5319147554249177,30.0,16.0
17.010281853812412,full,30.0,61.67801319704956,capture_lead_apn,guidance_ablation_cv_16km_p30deg,pn_with_lead_apn,False,False,improved,O,-44.66773134323715,30.0,16.0
12.702862363470434,full_no_track_filter,30.0,17.010281853812412,full,guidance_ablation_cv_16km_p30deg,remove_track_filter,True,False,improved,O,-4.307419490341978,30.0,16.0
16.14813736127658,full_fast_scalar_autopilot,30.0,17.010281853812412,full,guidance_ablation_cv_16km_p30deg,near_instant_scalar_autopilot,False,False,improved,O,-0.8621444925358333,30.0,16.0
17.331452672802637,full_autopilot_order2,30.0,17.010281853812412,full,guidance_ablation_cv_16km_p30deg,second_order_autopilot,False,False,neutral,O,0.32117081899022537,30.0,16.0
18.689783017638806,full_autopilot_order3,30.0,17.010281853812412,full,guidance_ablation_cv_16km_p30deg,third_order_autopilot,False,False,worsened,O,1.6795011638263944,30.0,16.0
50.41420452061008,capture_pn,-30.0,80.81113743436971,capture_only,guidance_ablation_cv_4km_m30deg,pn_without_lead_apn,False,False,improved,N,-30.396932913759635,30.0,4.0
15.460864128447382,capture_lead,-30.0,80.81113743436971,capture_only,guidance_ablation_cv_4km_m30deg,lead_without_pn,False,False,improved,N,-65.35027330592233,30.0,4.0
9.653468920203697,capture_pn_lead,-30.0,50.41420452061008,capture_pn,guidance_ablation_cv_4km_m30deg,lead_with_pn,True,False,improved,N,-40.76073560040638,30.0,4.0
9.653468920203697,capture_pn_lead,-30.0,15.460864128447382,capture_lead,guidance_ablation_cv_4km_m30deg,pn_with_lead,True,False,improved,N,-5.807395208243685,30.0,4.0
15.17893405676123,capture_lead_apn,-30.0,15.460864128447382,capture_lead,guidance_ablation_cv_4km_m30deg,apn_without_pn,False,False,neutral,N,-0.28193007168615125,30.0,4.0
9.460988347533402,full,-30.0,9.653468920203697,capture_pn_lead,guidance_ablation_cv_4km_m30deg,apn_with_pn,True,True,neutral,N,-0.19248057267029495,30.0,4.0
9.460988347533402,full,-30.0,15.17893405676123,capture_lead_apn,guidance_ablation_cv_4km_m30deg,pn_with_lead_apn,True,False,improved,N,-5.717945709227829,30.0,4.0
7.507561356034236,full_no_track_filter,-30.0,9.460988347533402,full,guidance_ablation_cv_4km_m30deg,remove_track_filter,True,True,improved,N,-1.9534269914991658,30.0,4.0
8.94390162012749,full_fast_scalar_autopilot,-30.0,9.460988347533402,full,guidance_ablation_cv_4km_m30deg,near_instant_scalar_autopilot,True,True,improved,N,-0.5170867274059123,30.0,4.0
9.817527420849359,full_autopilot_order2,-30.0,9.460988347533402,full,guidance_ablation_cv_4km_m30deg,second_order_autopilot,True,True,neutral,N,0.35653907331595747,30.0,4.0
12.188600651207077,full_autopilot_order3,-30.0,9.460988347533402,full,guidance_ablation_cv_4km_m30deg,third_order_autopilot,True,True,worsened,N,2.7276123036736752,30.0,4.0
100.89977755015246,capture_pn,-45.0,129.34212272645087,capture_only,guidance_ablation_cv_4km_m45deg,pn_without_lead_apn,False,False,improved,M,-28.442345176298403,45.0,4.0
28.4729948850547,capture_lead,-45.0,129.34212272645087,capture_only,guidance_ablation_cv_4km_m45deg,lead_without_pn,False,False,improved,M,-100.86912784139616,45.0,4.0
22.45065995029295,capture_pn_lead,-45.0,100.89977755015246,capture_pn,guidance_ablation_cv_4km_m45deg,lead_with_pn,False,False,improved,M,-78.44911759985952,45.0,4.0
22.45065995029295,capture_pn_lead,-45.0,28.4729948850547,capture_lead,guidance_ablation_cv_4km_m45deg,pn_with_lead,False,False,improved,M,-6.022334934761751,45.0,4.0
28.54797532795529,capture_lead_apn,-45.0,28.4729948850547,capture_lead,guidance_ablation_cv_4km_m45deg,apn_without_pn,False,False,neutral,M,0.07498044290058914,45.0,4.0
22.438232265927198,full,-45.0,22.45065995029295,capture_pn_lead,guidance_ablation_cv_4km_m45deg,apn_with_pn,False,False,neutral,M,-0.01242768436575048,45.0,4.0
22.438232265927198,full,-45.0,28.54797532795529,capture_lead_apn,guidance_ablation_cv_4km_m45deg,pn_with_lead_apn,False,False,improved,M,-6.109743062028091,45.0,4.0
19.12046371960891,full_no_track_filter,-45.0,22.438232265927198,full,guidance_ablation_cv_4km_m45deg,remove_track_filter,False,False,improved,M,-3.3177685463182875,45.0,4.0
20.07767904218471,full_fast_scalar_autopilot,-45.0,22.438232265927198,full,guidance_ablation_cv_4km_m45deg,near_instant_scalar_autopilot,False,False,improved,M,-2.360553223742489,45.0,4.0
25.27898279649835,full_autopilot_order2,-45.0,22.438232265927198,full,guidance_ablation_cv_4km_m45deg,second_order_autopilot,False,False,worsened,M,2.840750530571153,45.0,4.0
35.878328179602676,full_autopilot_order3,-45.0,22.438232265927198,full,guidance_ablation_cv_4km_m45deg,third_order_autopilot,False,False,worsened,M,13.440095913675478,45.0,4.0
50.41425215399851,capture_pn,30.0,80.81118091876345,capture_only,guidance_ablation_cv_4km_p30deg,pn_without_lead_apn,False,False,improved,N,-30.396928764764944,30.0,4.0
15.460912271136108,capture_lead,30.0,80.81118091876345,capture_only,guidance_ablation_cv_4km_p30deg,lead_without_pn,False,False,improved,N,-65.35026864762735,30.0,4.0
9.653519359500189,capture_pn_lead,30.0,50.41425215399851,capture_pn,guidance_ablation_cv_4km_p30deg,lead_with_pn,True,False,improved,N,-40.760732794498324,30.0,4.0
9.653519359500189,capture_pn_lead,30.0,15.460912271136108,capture_lead,guidance_ablation_cv_4km_p30deg,pn_with_lead,True,False,improved,N,-5.807392911635919,30.0,4.0
15.17898258131747,capture_lead_apn,30.0,15.460912271136108,capture_lead,guidance_ablation_cv_4km_p30deg,apn_without_pn,False,False,neutral,N,-0.28192968981863764,30.0,4.0
9.461038662695106,full,30.0,9.653519359500189,capture_pn_lead,guidance_ablation_cv_4km_p30deg,apn_with_pn,True,True,neutral,N,-0.19248069680508273,30.0,4.0
9.461038662695106,full,30.0,15.17898258131747,capture_lead_apn,guidance_ablation_cv_4km_p30deg,pn_with_lead_apn,True,False,improved,N,-5.717943918622364,30.0,4.0
7.507612186827921,full_no_track_filter,30.0,9.461038662695106,full,guidance_ablation_cv_4km_p30deg,remove_track_filter,True,True,improved,N,-1.953426475867185,30.0,4.0
8.943952572173108,full_fast_scalar_autopilot,30.0,9.461038662695106,full,guidance_ablation_cv_4km_p30deg,near_instant_scalar_autopilot,True,True,improved,N,-0.5170860905219978,30.0,4.0
9.81757707770521,full_autopilot_order2,30.0,9.461038662695106,full,guidance_ablation_cv_4km_p30deg,second_order_autopilot,True,True,neutral,N,0.3565384150101032,30.0,4.0
12.188649010177484,full_autopilot_order3,30.0,9.461038662695106,full,guidance_ablation_cv_4km_p30deg,third_order_autopilot,True,True,worsened,N,2.7276103474823774,30.0,4.0
100.89980226332533,capture_pn,45.0,129.34214277294856,capture_only,guidance_ablation_cv_4km_p45deg,pn_without_lead_apn,False,False,improved,M,-28.442340509623236,45.0,4.0
28.473020729535374,capture_lead,45.0,129.34214277294856,capture_only,guidance_ablation_cv_4km_p45deg,lead_without_pn,False,False,improved,M,-100.86912204341318,45.0,4.0
22.45068886068533,capture_pn_lead,45.0,100.89980226332533,capture_pn,guidance_ablation_cv_4km_p45deg,lead_with_pn,False,False,improved,M,-78.44911340264,45.0,4.0
22.45068886068533,capture_pn_lead,45.0,28.473020729535374,capture_lead,guidance_ablation_cv_4km_p45deg,pn_with_lead,False,False,improved,M,-6.022331868850046,45.0,4.0
28.548001396471502,capture_lead_apn,45.0,28.473020729535374,capture_lead,guidance_ablation_cv_4km_p45deg,apn_without_pn,False,False,neutral,M,0.0749806669361277,45.0,4.0
22.4382609956996,full,45.0,22.45068886068533,capture_pn_lead,guidance_ablation_cv_4km_p45deg,apn_with_pn,False,False,neutral,M,-0.012427864985728121,45.0,4.0
22.4382609956996,full,45.0,28.548001396471502,capture_lead_apn,guidance_ablation_cv_4km_p45deg,pn_with_lead_apn,False,False,improved,M,-6.109740400771901,45.0,4.0
19.120492865906208,full_no_track_filter,45.0,22.4382609956996,full,guidance_ablation_cv_4km_p45deg,remove_track_filter,False,False,improved,M,-3.317768129793393,45.0,4.0
20.07771078768969,full_fast_scalar_autopilot,45.0,22.4382609956996,full,guidance_ablation_cv_4km_p45deg,near_instant_scalar_autopilot,False,False,improved,M,-2.3605502080099114,45.0,4.0
25.279008674932175,full_autopilot_order2,45.0,22.4382609956996,full,guidance_ablation_cv_4km_p45deg,second_order_autopilot,False,False,worsened,M,2.8407476792325745,45.0,4.0
35.87834986529299,full_autopilot_order3,45.0,22.4382609956996,full,guidance_ablation_cv_4km_p45deg,third_order_autopilot,False,False,worsened,M,13.440088869593389,45.0,4.0
55.32286974888379,capture_pn,-30.0,96.03156060010637,capture_only,guidance_ablation_cv_6km_m30deg,pn_without_lead_apn,False,False,improved,N,-40.708690851222585,30.0,6.0
17.934358154537527,capture_lead,-30.0,96.03156060010637,capture_only,guidance_ablation_cv_6km_m30deg,lead_without_pn,False,False,improved,N,-78.09720244556885,30.0,6.0
10.556753669786836,capture_pn_lead,-30.0,55.32286974888379,capture_pn,guidance_ablation_cv_6km_m30deg,lead_with_pn,True,False,improved,N,-44.76611607909695,30.0,6.0
10.556753669786836,capture_pn_lead,-30.0,17.934358154537527,capture_lead,guidance_ablation_cv_6km_m30deg,pn_with_lead,True,False,improved,N,-7.377604484750691,30.0,6.0
17.38862323906414,capture_lead_apn,-30.0,17.934358154537527,capture_lead,guidance_ablation_cv_6km_m30deg,apn_without_pn,False,False,improved,N,-0.5457349154733855,30.0,6.0
10.266850348753392,full,-30.0,10.556753669786836,capture_pn_lead,guidance_ablation_cv_6km_m30deg,apn_with_pn,True,True,neutral,N,-0.2899033210334441,30.0,6.0
10.266850348753392,full,-30.0,17.38862323906414,capture_lead_apn,guidance_ablation_cv_6km_m30deg,pn_with_lead_apn,True,False,improved,N,-7.12177289031075,30.0,6.0
7.835594909976872,full_no_track_filter,-30.0,10.266850348753392,full,guidance_ablation_cv_6km_m30deg,remove_track_filter,True,True,improved,N,-2.43125543877652,30.0,6.0
9.738009147160897,full_fast_scalar_autopilot,-30.0,10.266850348753392,full,guidance_ablation_cv_6km_m30deg,near_instant_scalar_autopilot,True,True,improved,N,-0.5288412015924955,30.0,6.0
10.622902356920497,full_autopilot_order2,-30.0,10.266850348753392,full,guidance_ablation_cv_6km_m30deg,second_order_autopilot,True,True,neutral,N,0.35605200816710436,30.0,6.0
11.198657410421344,full_autopilot_order3,-30.0,10.266850348753392,full,guidance_ablation_cv_6km_m30deg,third_order_autopilot,True,True,worsened,N,0.9318070616679517,30.0,6.0
107.53764768262786,capture_pn,-45.0,149.25827827135421,capture_only,guidance_ablation_cv_6km_m45deg,pn_without_lead_apn,False,False,improved,M,-41.72063058872635,45.0,6.0
32.96294098166268,capture_lead,-45.0,149.25827827135421,capture_only,guidance_ablation_cv_6km_m45deg,lead_without_pn,False,False,improved,M,-116.29533728969153,45.0,6.0
22.423484140681573,capture_pn_lead,-45.0,107.53764768262786,capture_pn,guidance_ablation_cv_6km_m45deg,lead_with_pn,False,False,improved,M,-85.11416354194628,45.0,6.0
22.423484140681573,capture_pn_lead,-45.0,32.96294098166268,capture_lead,guidance_ablation_cv_6km_m45deg,pn_with_lead,False,False,improved,M,-10.53945684098111,45.0,6.0
31.683283941903902,capture_lead_apn,-45.0,32.96294098166268,capture_lead,guidance_ablation_cv_6km_m45deg,apn_without_pn,False,False,improved,M,-1.2796570397587814,45.0,6.0
22.10101051253856,full,-45.0,22.423484140681573,capture_pn_lead,guidance_ablation_cv_6km_m45deg,apn_with_pn,False,False,neutral,M,-0.32247362814301184,45.0,6.0
22.10101051253856,full,-45.0,31.683283941903902,capture_lead_apn,guidance_ablation_cv_6km_m45deg,pn_with_lead_apn,False,False,improved,M,-9.58227342936534,45.0,6.0
18.206425011287134,full_no_track_filter,-45.0,22.10101051253856,full,guidance_ablation_cv_6km_m45deg,remove_track_filter,False,False,improved,M,-3.894585501251427,45.0,6.0
21.51962756631672,full_fast_scalar_autopilot,-45.0,22.10101051253856,full,guidance_ablation_cv_6km_m45deg,near_instant_scalar_autopilot,False,False,improved,M,-0.5813829462218401,45.0,6.0
22.843289668250492,full_autopilot_order2,-45.0,22.10101051253856,full,guidance_ablation_cv_6km_m45deg,second_order_autopilot,False,False,worsened,M,0.7422791557119304,45.0,6.0
24.53697396725839,full_autopilot_order3,-45.0,22.10101051253856,full,guidance_ablation_cv_6km_m45deg,third_order_autopilot,False,False,worsened,M,2.435963454719829,45.0,6.0
55.32290105911477,capture_pn,30.0,96.03158780189614,capture_only,guidance_ablation_cv_6km_p30deg,pn_without_lead_apn,False,False,improved,N,-40.70868674278137,30.0,6.0
17.934389315420713,capture_lead,30.0,96.03158780189614,capture_only,guidance_ablation_cv_6km_p30deg,lead_without_pn,False,False,improved,N,-78.09719848647542,30.0,6.0
10.556788542230152,capture_pn_lead,30.0,55.32290105911477,capture_pn,guidance_ablation_cv_6km_p30deg,lead_with_pn,True,False,improved,N,-44.76611251688462,30.0,6.0
10.556788542230152,capture_pn_lead,30.0,17.934389315420713,capture_lead,guidance_ablation_cv_6km_p30deg,pn_with_lead,True,False,improved,N,-7.3776007731905615,30.0,6.0
17.388654814213854,capture_lead_apn,30.0,17.934389315420713,capture_lead,guidance_ablation_cv_6km_p30deg,apn_without_pn,False,False,improved,N,-0.5457345012068586,30.0,6.0
10.266885635865135,full,30.0,10.556788542230152,capture_pn_lead,guidance_ablation_cv_6km_p30deg,apn_with_pn,True,True,neutral,N,-0.2899029063650165,30.0,6.0
10.266885635865135,full,30.0,17.388654814213854,capture_lead_apn,guidance_ablation_cv_6km_p30deg,pn_with_lead_apn,True,False,improved,N,-7.121769178348719,30.0,6.0
7.83563039615651,full_no_track_filter,30.0,10.266885635865135,full,guidance_ablation_cv_6km_p30deg,remove_track_filter,True,True,improved,N,-2.4312552397086247,30.0,6.0
9.738044658039568,full_fast_scalar_autopilot,30.0,10.266885635865135,full,guidance_ablation_cv_6km_p30deg,near_instant_scalar_autopilot,True,True,improved,N,-0.5288409778255669,30.0,6.0
10.622937473781283,full_autopilot_order2,30.0,10.266885635865135,full,guidance_ablation_cv_6km_p30deg,second_order_autopilot,True,True,neutral,N,0.3560518379161479,30.0,6.0
11.198692329175564,full_autopilot_order3,30.0,10.266885635865135,full,guidance_ablation_cv_6km_p30deg,third_order_autopilot,True,True,worsened,N,0.9318066933104294,30.0,6.0
107.53766466502542,capture_pn,45.0,149.2582861824294,capture_only,guidance_ablation_cv_6km_p45deg,pn_without_lead_apn,False,False,improved,M,-41.720621517403984,45.0,6.0
32.96295902805176,capture_lead,45.0,149.2582861824294,capture_only,guidance_ablation_cv_6km_p45deg,lead_without_pn,False,False,improved,M,-116.29532715437765,45.0,6.0
22.423505759182422,capture_pn_lead,45.0,107.53766466502542,capture_pn,guidance_ablation_cv_6km_p45deg,lead_with_pn,False,False,improved,M,-85.114158905843,45.0,6.0
22.423505759182422,capture_pn_lead,45.0,32.96295902805176,capture_lead,guidance_ablation_cv_6km_p45deg,pn_with_lead,False,False,improved,M,-10.539453268869341,45.0,6.0
31.683302419154924,capture_lead_apn,45.0,32.96295902805176,capture_lead,guidance_ablation_cv_6km_p45deg,apn_without_pn,False,False,improved,M,-1.2796566088968397,45.0,6.0
22.101032317828015,full,45.0,22.423505759182422,capture_pn_lead,guidance_ablation_cv_6km_p45deg,apn_with_pn,False,False,neutral,M,-0.3224734413544077,45.0,6.0
22.101032317828015,full,45.0,31.683302419154924,capture_lead_apn,guidance_ablation_cv_6km_p45deg,pn_with_lead_apn,False,False,improved,M,-9.582270101326909,45.0,6.0
18.206447252933962,full_no_track_filter,45.0,22.101032317828015,full,guidance_ablation_cv_6km_p45deg,remove_track_filter,False,False,improved,M,-3.894585064894052,45.0,6.0
21.519650314712347,full_fast_scalar_autopilot,45.0,22.101032317828015,full,guidance_ablation_cv_6km_p45deg,near_instant_scalar_autopilot,False,False,improved,M,-0.5813820031156673,45.0,6.0
22.843311165078582,full_autopilot_order2,45.0,22.101032317828015,full,guidance_ablation_cv_6km_p45deg,second_order_autopilot,False,False,worsened,M,0.7422788472505673,45.0,6.0
24.53699539741836,full_autopilot_order3,45.0,22.101032317828015,full,guidance_ablation_cv_6km_p45deg,third_order_autopilot,False,False,worsened,M,2.435963079590344,45.0,6.0
60.30526547112924,capture_pn,-30.0,117.05936853585753,capture_only,guidance_ablation_cv_8km_m30deg,pn_without_lead_apn,False,False,improved,N,-56.75410306472829,30.0,8.0
21.51150825535992,capture_lead,-30.0,117.05936853585753,capture_only,guidance_ablation_cv_8km_m30deg,lead_without_pn,False,False,improved,N,-95.54786028049762,30.0,8.0
11.25745667852981,capture_pn_lead,-30.0,60.30526547112924,capture_pn,guidance_ablation_cv_8km_m30deg,lead_with_pn,True,False,improved,N,-49.047808792599426,30.0,8.0
11.25745667852981,capture_pn_lead,-30.0,21.51150825535992,capture_lead,guidance_ablation_cv_8km_m30deg,pn_with_lead,True,False,improved,N,-10.254051576830111,30.0,8.0
20.716776248303166,capture_lead_apn,-30.0,21.51150825535992,capture_lead,guidance_ablation_cv_8km_m30deg,apn_without_pn,False,False,improved,N,-0.794732007056755,30.0,8.0
10.963446301013404,full,-30.0,11.25745667852981,capture_pn_lead,guidance_ablation_cv_8km_m30deg,apn_with_pn,True,True,neutral,N,-0.2940103775164058,30.0,8.0
10.963446301013404,full,-30.0,20.716776248303166,capture_lead_apn,guidance_ablation_cv_8km_m30deg,pn_with_lead_apn,True,False,improved,N,-9.753329947289762,30.0,8.0
8.350656327212723,full_no_track_filter,-30.0,10.963446301013404,full,guidance_ablation_cv_8km_m30deg,remove_track_filter,True,True,improved,N,-2.6127899738006803,30.0,8.0
10.421190642058345,full_fast_scalar_autopilot,-30.0,10.963446301013404,full,guidance_ablation_cv_8km_m30deg,near_instant_scalar_autopilot,True,True,improved,N,-0.5422556589550585,30.0,8.0
11.326701103592105,full_autopilot_order2,-30.0,10.963446301013404,full,guidance_ablation_cv_8km_m30deg,second_order_autopilot,True,True,neutral,N,0.3632548025787017,30.0,8.0
12.051491200422529,full_autopilot_order3,-30.0,10.963446301013404,full,guidance_ablation_cv_8km_m30deg,third_order_autopilot,True,True,worsened,N,1.088044899409125,30.0,8.0
122.4129984675056,capture_pn,-45.0,292.303356226322,capture_only,guidance_ablation_cv_8km_m45deg,pn_without_lead_apn,False,False,improved,M,-169.89035775881644,45.0,8.0
71.16879498660327,capture_lead,-45.0,292.303356226322,capture_only,guidance_ablation_cv_8km_m45deg,lead_without_pn,False,False,improved,M,-221.13456123971875,45.0,8.0
25.97862787321756,capture_pn_lead,-45.0,122.4129984675056,capture_pn,guidance_ablation_cv_8km_m45deg,lead_with_pn,False,False,improved,M,-96.43437059428804,45.0,8.0
25.97862787321756,capture_pn_lead,-45.0,71.16879498660327,capture_lead,guidance_ablation_cv_8km_m45deg,pn_with_lead,False,False,improved,M,-45.19016711338571,45.0,8.0
57.09193317043068,capture_lead_apn,-45.0,71.16879498660327,capture_lead,guidance_ablation_cv_8km_m45deg,apn_without_pn,False,False,improved,M,-14.076861816172595,45.0,8.0
24.448053914821326,full,-45.0,25.97862787321756,capture_pn_lead,guidance_ablation_cv_8km_m45deg,apn_with_pn,False,False,improved,M,-1.5305739583962357,45.0,8.0
24.448053914821326,full,-45.0,57.09193317043068,capture_lead_apn,guidance_ablation_cv_8km_m45deg,pn_with_lead_apn,False,False,improved,M,-32.64387925560935,45.0,8.0
19.400442189585156,full_no_track_filter,-45.0,24.448053914821326,full,guidance_ablation_cv_8km_m45deg,remove_track_filter,False,False,improved,M,-5.04761172523617,45.0,8.0
23.73547104191086,full_fast_scalar_autopilot,-45.0,24.448053914821326,full,guidance_ablation_cv_8km_m45deg,near_instant_scalar_autopilot,False,False,improved,M,-0.7125828729104668,45.0,8.0
25.023668417662705,full_autopilot_order2,-45.0,24.448053914821326,full,guidance_ablation_cv_8km_m45deg,second_order_autopilot,False,False,worsened,M,0.575614502841379,45.0,8.0
25.766631950255608,full_autopilot_order3,-45.0,24.448053914821326,full,guidance_ablation_cv_8km_m45deg,third_order_autopilot,False,False,worsened,M,1.3185780354342818,45.0,8.0
496.0673310928664,capture_pn,-60.0,1157.0257781792457,capture_only,guidance_ablation_cv_8km_m60deg,pn_without_lead_apn,False,False,improved,M,-660.9584470863792,60.0,8.0
1018.7995161993435,capture_lead,-60.0,1157.0257781792457,capture_only,guidance_ablation_cv_8km_m60deg,lead_without_pn,False,False,improved,M,-138.22626197990212,60.0,8.0
290.3428595361237,capture_pn_lead,-60.0,496.0673310928664,capture_pn,guidance_ablation_cv_8km_m60deg,lead_with_pn,False,False,improved,M,-205.72447155674274,60.0,8.0
290.3428595361237,capture_pn_lead,-60.0,1018.7995161993435,capture_lead,guidance_ablation_cv_8km_m60deg,pn_with_lead,False,False,improved,M,-728.4566566632199,60.0,8.0
883.9829540500572,capture_lead_apn,-60.0,1018.7995161993435,capture_lead,guidance_ablation_cv_8km_m60deg,apn_without_pn,False,False,improved,M,-134.81656214928637,60.0,8.0
221.45976608624136,full,-60.0,290.3428595361237,capture_pn_lead,guidance_ablation_cv_8km_m60deg,apn_with_pn,False,False,improved,M,-68.88309344988232,60.0,8.0
221.45976608624136,full,-60.0,883.9829540500572,capture_lead_apn,guidance_ablation_cv_8km_m60deg,pn_with_lead_apn,False,False,improved,M,-662.5231879638159,60.0,8.0
149.10457415632914,full_no_track_filter,-60.0,221.45976608624136,full,guidance_ablation_cv_8km_m60deg,remove_track_filter,False,False,improved,M,-72.35519192991222,60.0,8.0
178.6683381280422,full_fast_scalar_autopilot,-60.0,221.45976608624136,full,guidance_ablation_cv_8km_m60deg,near_instant_scalar_autopilot,False,False,improved,M,-42.791427958199165,60.0,8.0
258.951074328009,full_autopilot_order2,-60.0,221.45976608624136,full,guidance_ablation_cv_8km_m60deg,second_order_autopilot,False,False,worsened,M,37.491308241767626,60.0,8.0
322.66838444288453,full_autopilot_order3,-60.0,221.45976608624136,full,guidance_ablation_cv_8km_m60deg,third_order_autopilot,False,False,worsened,M,101.20861835664317,60.0,8.0
60.305295450201065,capture_pn,30.0,117.0593895214692,capture_only,guidance_ablation_cv_8km_p30deg,pn_without_lead_apn,False,False,improved,N,-56.754094071268135,30.0,8.0
21.511535742136335,capture_lead,30.0,117.0593895214692,capture_only,guidance_ablation_cv_8km_p30deg,lead_without_pn,False,False,improved,N,-95.54785377933287,30.0,8.0
11.257489532674338,capture_pn_lead,30.0,60.305295450201065,capture_pn,guidance_ablation_cv_8km_p30deg,lead_with_pn,True,False,improved,N,-49.04780591752673,30.0,8.0
11.257489532674338,capture_pn_lead,30.0,21.511535742136335,capture_lead,guidance_ablation_cv_8km_p30deg,pn_with_lead,True,False,improved,N,-10.254046209461997,30.0,8.0
20.716804407938177,capture_lead_apn,30.0,21.511535742136335,capture_lead,guidance_ablation_cv_8km_p30deg,apn_without_pn,False,False,improved,N,-0.7947313341981577,30.0,8.0
10.963479375176643,full,30.0,11.257489532674338,capture_pn_lead,guidance_ablation_cv_8km_p30deg,apn_with_pn,True,True,neutral,N,-0.294010157497695,30.0,8.0
10.963479375176643,full,30.0,20.716804407938177,capture_lead_apn,guidance_ablation_cv_8km_p30deg,pn_with_lead_apn,True,False,improved,N,-9.753325032761534,30.0,8.0
8.350689511788564,full_no_track_filter,30.0,10.963479375176643,full,guidance_ablation_cv_8km_p30deg,remove_track_filter,True,True,improved,N,-2.6127898633880786,30.0,8.0
10.421223825709239,full_fast_scalar_autopilot,30.0,10.963479375176643,full,guidance_ablation_cv_8km_p30deg,near_instant_scalar_autopilot,True,True,improved,N,-0.542255549467404,30.0,8.0
11.326734150316693,full_autopilot_order2,30.0,10.963479375176643,full,guidance_ablation_cv_8km_p30deg,second_order_autopilot,True,True,neutral,N,0.36325477514004945,30.0,8.0
12.051524285632125,full_autopilot_order3,30.0,10.963479375176643,full,guidance_ablation_cv_8km_p30deg,third_order_autopilot,True,True,worsened,N,1.0880449104554817,30.0,8.0
122.41301005813938,capture_pn,45.0,292.3033681652401,capture_only,guidance_ablation_cv_8km_p45deg,pn_without_lead_apn,False,False,improved,M,-169.89035810710072,45.0,8.0
71.16881079543529,capture_lead,45.0,292.3033681652401,capture_only,guidance_ablation_cv_8km_p45deg,lead_without_pn,False,False,improved,M,-221.1345573698048,45.0,8.0
25.978647875871303,capture_pn_lead,45.0,122.41301005813938,capture_pn,guidance_ablation_cv_8km_p45deg,lead_with_pn,False,False,improved,M,-96.43436218226807,45.0,8.0
25.978647875871303,capture_pn_lead,45.0,71.16881079543529,capture_lead,guidance_ablation_cv_8km_p45deg,pn_with_lead,False,False,improved,M,-45.19016291956399,45.0,8.0
57.09194927752187,capture_lead_apn,45.0,71.16881079543529,capture_lead,guidance_ablation_cv_8km_p45deg,apn_without_pn,False,False,improved,M,-14.076861517913422,45.0,8.0
24.448074484492018,full,45.0,25.978647875871303,capture_pn_lead,guidance_ablation_cv_8km_p45deg,apn_with_pn,False,False,improved,M,-1.530573391379285,45.0,8.0
24.448074484492018,full,45.0,57.09194927752187,capture_lead_apn,guidance_ablation_cv_8km_p45deg,pn_with_lead_apn,False,False,improved,M,-32.64387479302985,45.0,8.0
19.40046182326375,full_no_track_filter,45.0,24.448074484492018,full,guidance_ablation_cv_8km_p45deg,remove_track_filter,False,False,improved,M,-5.047612661228268,45.0,8.0
23.735491858862037,full_fast_scalar_autopilot,45.0,24.448074484492018,full,guidance_ablation_cv_8km_p45deg,near_instant_scalar_autopilot,False,False,improved,M,-0.712582625629981,45.0,8.0
25.023688753323693,full_autopilot_order2,45.0,24.448074484492018,full,guidance_ablation_cv_8km_p45deg,second_order_autopilot,False,False,worsened,M,0.575614268831675,45.0,8.0
25.766651737844867,full_autopilot_order3,45.0,24.448074484492018,full,guidance_ablation_cv_8km_p45deg,third_order_autopilot,False,False,worsened,M,1.3185772533528493,45.0,8.0
496.0673429291395,capture_pn,60.0,1157.0257945250612,capture_only,guidance_ablation_cv_8km_p60deg,pn_without_lead_apn,False,False,improved,M,-660.9584515959217,60.0,8.0
1018.7995331580929,capture_lead,60.0,1157.0257945250612,capture_only,guidance_ablation_cv_8km_p60deg,lead_without_pn,False,False,improved,M,-138.2262613669683,60.0,8.0
290.3428739580577,capture_pn_lead,60.0,496.0673429291395,capture_pn,guidance_ablation_cv_8km_p60deg,lead_with_pn,False,False,improved,M,-205.72446897108182,60.0,8.0
290.3428739580577,capture_pn_lead,60.0,1018.7995331580929,capture_lead,guidance_ablation_cv_8km_p60deg,pn_with_lead,False,False,improved,M,-728.4566592000352,60.0,8.0
883.9829705590381,capture_lead_apn,60.0,1018.7995331580929,capture_lead,guidance_ablation_cv_8km_p60deg,apn_without_pn,False,False,improved,M,-134.8165625990548,60.0,8.0
221.45977949170992,full,60.0,290.3428739580577,capture_pn_lead,guidance_ablation_cv_8km_p60deg,apn_with_pn,False,False,improved,M,-68.88309446634776,60.0,8.0
221.45977949170992,full,60.0,883.9829705590381,capture_lead_apn,guidance_ablation_cv_8km_p60deg,pn_with_lead_apn,False,False,improved,M,-662.5231910673282,60.0,8.0
149.10458505983303,full_no_track_filter,60.0,221.45977949170992,full,guidance_ablation_cv_8km_p60deg,remove_track_filter,False,False,improved,M,-72.3551944318769,60.0,8.0
178.66835044577115,full_fast_scalar_autopilot,60.0,221.45977949170992,full,guidance_ablation_cv_8km_p60deg,near_instant_scalar_autopilot,False,False,improved,M,-42.79142904593877,60.0,8.0
258.95108845257084,full_autopilot_order2,60.0,221.45977949170992,full,guidance_ablation_cv_8km_p60deg,second_order_autopilot,False,False,worsened,M,37.49130896086092,60.0,8.0
322.66839922933246,full_autopilot_order3,60.0,221.45977949170992,full,guidance_ablation_cv_8km_p60deg,third_order_autopilot,False,False,worsened,M,101.20861973762254,60.0,8.0
