nav_gain,absolute_offset_deg,4,5,6,7,8,9,10,11,12,13,14,15,16
3.5,0,unchanged,unchanged,unchanged,unchanged,unchanged,unchanged,unchanged,unchanged,unchanged,unchanged,unchanged,unchanged,unchanged
3.5,5,unchanged,unchanged,unchanged,unchanged,unchanged,unchanged,unchanged,unchanged,unchanged,unchanged,unchanged,unchanged,unchanged
3.5,10,unchanged,unchanged,unchanged,unchanged,unchanged,unchanged,unchanged,unchanged,unchanged,unchanged,unchanged,unchanged,unchanged
3.5,15,unchanged,unchanged,unchanged,unchanged,unchanged,unchanged,unchanged,unchanged,unchanged,unchanged,unchanged,unchanged,unchanged
3.5,20,unchanged,unchanged,unchanged,unchanged,unchanged,unchanged,unchanged,unchanged,unchanged,unchanged,unchanged,unchanged,unchanged
3.5,25,unchanged,unchanged,unchanged,unchanged,unchanged,unchanged,unchanged,unchanged,unchanged,unchanged,unchanged,unchanged,unchanged
3.5,30,unchanged,unchanged,unchanged,unchanged,unchanged,unchanged,unchanged,unchanged,unchanged,unchanged,unchanged,unchanged,unchanged
3.5,35,unchanged,unchanged,unchanged,unchanged,unchanged,unchanged,unchanged,unchanged,unchanged,unchanged,unchanged,unchanged,unchanged
3.5,40,unchanged,unchanged,unchanged,unchanged,unchanged,unchanged,unchanged,unchanged,unchanged,unchanged,unchanged,unchanged,unchanged
3.5,45,unchanged,unchanged,unchanged,unchanged,unchanged,unchanged,unchanged,unchanged,unchanged,unchanged,unchanged,unchanged,unchanged
3.5,50,unchanged,unchanged,unchanged,unchanged,unchanged,unchanged,unchanged,unchanged,unchanged,unchanged,unchanged,unchanged,unchanged
3.5,55,unchanged,lost,unchanged,unchanged,unchanged,unchanged,unchanged,unchanged,unchanged,unchanged,unchanged,unchanged,unchanged
3.5,60,unchanged,unchanged,unchanged,unchanged,lost,lost,lost,lost,lost,lost,lost,unchanged,unchanged
3.5,65,unchanged,unchanged,unchanged,unchanged,unchanged,unchanged,unchanged,unchanged,unchanged,unchanged,unchanged,unchanged,unchanged
3.5,70,unchanged,unchanged,unchanged,unchanged,unchanged,unchanged,unchanged,unchanged,unchanged,unchanged,unchanged,unchanged,unchanged
3.5,75,unchanged,unchanged,unchanged,unchanged,unchanged,unchanged,unchanged,unchanged,unchanged,unchanged,unchanged,unchanged,unchanged
3.5,80,unchanged,unchanged,unchanged,unchanged,unchanged,unchanged,unchanged,unchanged,unchanged,unchanged,unchanged,unchanged,unchanged
3.5,85,unchanged,unchanged,unchanged,unchanged,unchanged,unchanged,unchanged,unchanged,unchanged,unchanged,unchanged,unchanged,unchanged
3.5,90,unchanged,unchanged,unchanged,unchanged,unchanged,unchanged,unchanged,unchanged,unchanged,unchanged,unchanged,unchanged,unchanged
3.75,0,unchanged,unchanged,unchanged,unchanged,unchanged,unchanged,unchanged,unchanged,unchanged,unchanged,unchanged,unchanged,unchanged
3.75,5,unchanged,unchanged,unchanged,unchanged,unchanged,unchanged,unchanged,unchanged,unchanged,unchanged,unchanged,unchanged,unchanged
3.75,10,unchanged,unchanged,unchanged,unchanged,unchanged,unchanged,unchanged,unchanged,unchanged,unchanged,unchanged,unchanged,unchanged
3.75,15,unchanged,unchanged,unchanged,unchanged,unchanged,unchanged,unchanged,unchanged,unchanged,unchanged,unchanged,unchanged,unchanged
3.75,20,unchanged,unchanged,unchanged,unchanged,unchanged,unchanged,unchanged,unchanged,unchanged,unchanged,unchanged,unchanged,unchanged
3.75,25,unchanged,unchanged,unchanged,unchanged,unchanged,unchanged,unchanged,unchanged,unchanged,unchanged,unchanged,unchanged,unchanged
3.75,30,unchanged,unchanged,unchanged,unchanged,unchanged,unchanged,unchanged,unchanged,unchanged,unchanged,unchanged,unchanged,unchanged
3.75,35,unchanged,unchanged,unchanged,unchanged,unchanged,unchanged,unchanged,unchanged,unchanged,unchanged,unchanged,unchanged,unchanged
3.75,40,unchanged,unchanged,unchanged,unchanged,unchanged,unchanged,unchanged,unchanged,unchanged,unchanged,unchanged,unchanged,unchanged
3.75,45,unchanged,unchanged,unchanged,unchanged,unchanged,unchanged,unchanged,unchanged,unchanged,unchanged,unchanged,unchanged,unchanged
3.75,50,unchanged,unchanged,unchanged,unchanged,unchanged,unchanged,unchanged,unchanged,unchanged,unchanged,unchanged,unchanged,unchanged
3.75,55,unchanged,unchanged,unchanged,unchanged,unchanged,unchanged,unchanged,unchanged,unchanged,unchanged,unchanged,unchanged,unchanged
3.75,60,unchanged,unchanged,unchanged,unchanged,lost,lost,lost,lost,lost,lost,lost,unchanged,unchanged
3.75,65,unchanged,unchanged,unchanged,unchanged,unchanged,unchanged,unchanged,unchanged,unchanged,unchanged,unchanged,unchanged,unchanged
3.75,70,unchanged,unchanged,unchanged,unchanged,unchanged,unchanged,unchanged,unchanged,unchanged,unchanged,unchanged,unchanged,unchanged
3.75,75,unchanged,unchanged,unchanged,unchanged,unchanged,unchanged,unchanged,unchanged,unchanged,unchanged,unchanged,unchanged,unchanged
3.75,80,unchanged,unchanged,unchanged,unchanged,unchanged,unchanged,unchanged,unchanged,unchanged,unchanged,unchanged,unchanged,unchanged
3.75,85,unchanged,unchanged,unchanged,unchanged,unchanged,unchanged,unchanged,unchanged,unchanged,unchanged,unchanged,unchanged,unchanged
3.75,90,unchanged,unchanged,unchanged,unchanged,unchanged,unchanged,unchanged,unchanged,unchanged,unchanged,unchanged,unchanged,unchanged
4.25,0,unchanged,unchanged,unchanged,unchanged,unchanged,unchanged,unchanged,unchanged,unchanged,unchanged,unchanged,unchanged,unchanged
4.25,5,unchanged,unchanged,unchanged,unchanged,unchanged,unchanged,unchanged,unchanged,unchanged,unchanged,unchanged,unchanged,unchanged
4.25,10,unchanged,unchanged,unchanged,unchanged,unchanged,unchanged,unchanged,unchanged,unchanged,unchanged,unchanged,unchanged,unchanged
4.25,15,unchanged,unchanged,unchanged,unchanged,unchanged,unchanged,unchanged,unchanged,unchanged,unchanged,unchanged,unchanged,unchanged
4.25,20,unchanged,unchanged,unchanged,unchanged,unchanged,unchanged,unchanged,unchanged,unchanged,unchanged,unchanged,unchanged,unchanged
4.25,25,unchanged,unchanged,unchanged,unchanged,unchanged,unchanged,unchanged,unchanged,unchanged,unchanged,unchanged,unchanged,unchanged
4.25,30,unchanged,unchanged,unchanged,unchanged,unchanged,unchanged,unchanged,unchanged,unchanged,unchanged,unchanged,unchanged,unchanged
4.25,35,unchanged,unchanged,unchanged,unchanged,unchanged,unchanged,unchanged,unchanged,unchanged,unchanged,unchanged,unchanged,unchanged
4.25,40,unchanged,unchanged,unchanged,unchanged,unchanged,unchanged,unchanged,unchanged,unchanged,unchanged,unchanged,unchanged,unchanged
4.25,45,unchanged,unchanged,unchanged,unchanged,unchanged,unchanged,unchanged,unchanged,unchanged,unchanged,unchanged,unchanged,unchanged
4.25,50,unchanged,unchanged,unchanged,unchanged,unchanged,unchanged,unchanged,unchanged,unchanged,unchanged,unchanged,unchanged,unchanged
4.25,55,unchanged,unchanged,unchanged,unchanged,unchanged,unchanged,unchanged,unchanged,unchanged,unchanged,unchanged,unchanged,unchanged
4.25,60,unchanged,unchanged,unchanged,gained,unchanged,unchanged,unchanged,unchanged,unchanged,unchanged,unchanged,gained,gained
4.25,65,unchanged,unchanged,unchanged,unchanged,unchanged,unchanged,unchanged,unchanged,unchanged,unchanged,unchanged,unchanged,unchanged
4.25,70,unchanged,unchanged,unchanged,unchanged,unchanged,unchanged,unchanged,unchanged,unchanged,unchanged,unchanged,unchanged,unchanged
4.25,75,unchanged,unchanged,unchanged,unchanged,unchanged,unchanged,unchanged,unchanged,unchanged,unchanged,unchanged,unchanged,unchanged
4.25,80,unchanged,unchanged,unchanged,unchanged,unchanged,unchanged,unchanged,unchanged,unchanged,unchanged,unchanged,unchanged,unchanged
4.25,85,unchanged,unchanged,unchanged,unchanged,unchanged,unchanged,unchanged,unchanged,unchanged,unchanged,unchanged,unchanged,unchanged
4.25,90,unchanged,unchanged,unchanged,unchanged,unchanged,unchanged,unchanged,unchanged,unchanged,unchanged,unchanged,unchanged,unchanged
4.5,0,unchanged,unchanged,unchanged,unchanged,unchanged,unchanged,unchanged,unchanged,unchanged,unchanged,unchanged,unchanged,unchanged
4.5,5,unchanged,unchanged,unchanged,unchanged,unchanged,unchanged,unchanged,unchanged,unchanged,unchanged,unchanged,unchanged,unchanged
4.5,10,unchanged,unchanged,unchanged,unchanged,unchanged,unchanged,unchanged,unchanged,unchanged,unchanged,unchanged,unchanged,unchanged
4.5,15,unchanged,unchanged,unchanged,unchanged,unchanged,unchanged,unchanged,unchanged,unchanged,unchanged,unchanged,unchanged,unchanged
4.5,20,unchanged,unchanged,unchanged,unchanged,unchanged,unchanged,unchanged,unchanged,unchanged,unchanged,unchanged,unchanged,unchanged
4.5,25,unchanged,unchanged,unchanged,unchanged,unchanged,unchanged,unchanged,unchanged,unchanged,unchanged,unchanged,unchanged,unchanged
4.5,30,unchanged,unchanged,unchanged,unchanged,unchanged,unchanged,unchanged,unchanged,unchanged,unchanged,unchanged,unchanged,unchanged
4.5,35,unchanged,unchanged,unchanged,unchanged,unchanged,unchanged,unchanged,unchanged,unchanged,unchanged,unchanged,unchanged,unchanged
4.5,40,unchanged,unchanged,unchanged,unchanged,unchanged,unchanged,unchanged,unchanged,unchanged,unchanged,unchanged,unchanged,unchanged
4.5,45,unchanged,unchanged,unchanged,unchanged,unchanged,unchanged,unchanged,unchanged,unchanged,unchanged,unchanged,unchanged,unchanged
4.5,50,unchanged,unchanged,unchanged,unchanged,unchanged,unchanged,unchanged,unchanged,unchanged,unchanged,unchanged,unchanged,unchanged
4.5,55,gained,unchanged,unchanged,unchanged,unchanged,unchanged,unchanged,unchanged,unchanged,unchanged,unchanged,unchanged,unchanged
4.5,60,unchanged,unchanged,gained,gained,unchanged,unchanged,unchanged,unchanged,unchanged,unchanged,unchanged,gained,gained
4.5,65,unchanged,unchanged,unchanged,unchanged,unchanged,unchanged,unchanged,unchanged,unchanged,unchanged,unchanged,unchanged,unchanged
4.5,70,unchanged,unchanged,unchanged,unchanged,unchanged,unchanged,unchanged,unchanged,unchanged,unchanged,unchanged,unchanged,unchanged
4.5,75,unchanged,unchanged,unchanged,unchanged,unchanged,unchanged,unchanged,unchanged,unchanged,unchanged,unchanged,unchanged,unchanged
4.5,80,unchanged,unchanged,unchanged,unchanged,unchanged,unchanged,unchanged,unchanged,unchanged,unchanged,unchanged,unchanged,unchanged
4.5,85,unchanged,unchanged,unchanged,unchanged,unchanged,unchanged,unchanged,unchanged,unchanged,unchanged,unchanged,unchanged,unchanged
4.5,90,unchanged,unchanged,unchanged,unchanged,unchanged,unchanged,unchanged,unchanged,unchanged,unchanged,unchanged,unchanged,unchanged
